drug,pf_id
MANGANESE CHLORIDE,NA
SIPONIMOD,NA
METHANDROSTENOLONE,PF-02885465
PRAVASTATIN SODIUM,PF-00579899
ATORVASTATIN CALCIUM,PF-00079943
RILPIVIRINE HYDROCHLORIDE,NA
OPRELVEKIN,Oprelvekin
ZIPRASIDONE HYDROCHLORIDE,PF-00346491
BUDESONIDE,PF-00345707
BETAMETHASONE DIPROPIONATE,NA
DEXAMETHASONE,PF-00345215
PREDNICARBATE,Prednicarbate
NATALIZUMAB,Natalizumab
ETANERCEPT,Etanercept
CABOZANTINIB,NA
ERAVACYCLINE DIHYDROCHLORIDE,NA
ADALIMUMAB,PF-00579947
FIBRIN GLUE,NA
PASIREOTIDE PAMOATE,NA
BEVACIZUMAB,Bevacizumab
PASIREOTIDE DIASPARTATE,NA
ERTAPENEM SODIUM,NA
VEDOLIZUMAB,NA
CERTOLIZUMAB PEGOL,certolizumab
APREMILAST,PF-06648994
CONIVAPTAN HYDROCHLORIDE,NA
SERMORELIN ACETATE,NA
"FOLLITROPIN ALFA, BETA",NA
MENINGITIS VACCINE GROUP B,NA
SUNITINIB MALATE,PF-00262192
TOCILIZUMAB,Tocilizumab
DORIPENEM,PF-04993890
MOXIFLOXACIN HYDROCHLORIDE,PF-00835115
SUMATRIPTAN SUCCINATE,PF-00257403
FOSPROPOFOL DISODIUM,NA
INFLIXIMAB,Infliximab
OLAPARIB,PF-05269734
AVELUMAB,AVELUMAB
BARICITINIB,PF-06647511
GOLIMUMAB,Golimumab
FIDAXOMICIN,NA
PNEUMOCOCCAL 13-VALENT CONJUGATE VACCINE,NA
OBINUTUZUMAB,NA
CANAKINUMAB,Canakinumab
GEMTUZUMAB OZOGAMICIN,gemtuzumab ozogamicin
DALTEPARIN SODIUM,Dalteparin
USTEKINUMAB,Ustekinumab
NIVOLUMAB,NA
ESLICARBAZEPINE ACETATE,NA
TESAMORELIN ACETATE,NA
HYDROCODONE BITARTRATE,PF-00345368
ELUXADOLINE,NA
NEPAFENAC,PF-05586357
PROGESTERONE,PF-00344648
DIMETHYL FUMARATE,NA
EFINACONAZOLE,NA
URSODIOL,NA
PIROXICAM,PF-00345144
BIRCH BARK EXTRACT,NA
ONDANSETRON HYDROCHLORIDE,PF-00345557
DEFERIPRONE,Deferiprone
ROPINIROLE HYDROCHLORIDE,PF-00419626
DARATUMUMAB,NA
LACOSAMIDE,PF-04448885
DICLOFENAC SODIUM,PF-00344545
ZAFIRLUKAST,PF-00346624
SIMETHICONE-CELLULOSE,Simethicone-Cellulose
NILUTAMIDE,PF-00346022
INTERFERON BETA-1A,interferon beta-1a
KETOPROFEN,PF-02655743
SELEXIPAG,NA
LANSOPRAZOLE,PF-00346589
ERENUMAB,NA
SODIUM CHLORIDE,PF-02920260
MENINGITIS VACCINE,NA
METHYLENE BLUE,NA
CIPROFLOXACIN HYDROCHLORIDE,PF-00344537
TISAGENLECLEUCEL-T,NA
TRANEXAMIC ACID,PF-00345620
SULFASALAZINE,PF-00344658
BORTEZOMIB,PF-00734317
FLEROXACIN,PF-00346562
LASOFOXIFENE,NA
CYSTEAMINE BITARTRATE,PF-00345800
TESTOSTERONE,PF-00346552
FLUTICASONE PROPIONATE,PF-00241939
FERRIC MALTOL,NA
FORMOTEROL FUMARATE,NA
PALIPERIDONE,PF-05279959
ANTI-INHIBITOR COAGULANT COMPLEX,NA
PROPYLTHIOURACIL,PF-00345443
PROGUANIL HYDROCHLORIDE,PF-01388201
THEOPHYLLINE SODIUM GLYCINATE,Theophylline Sodium Glycinate
CROFELEMER,NA
TEGASEROD MALEATE,PF-00579950
ALOSETRON HYDROCHLORIDE,PF-01332021
GUANADREL SULFATE,PF-00344791
HUMAN COAGULATION FACTOR VIII (RECOMBINANT),NA
ARIPIPRAZOLE,PF-00619124
DEFERASIROX,PF-06438824
OXACILLIN SODIUM,NA
IXAZOMIB CITRATE,NA
SAFINAMIDE METHANESULFONATE,NA
HYDROFLUMETHIAZIDE,PF-00345049
TIOTROPIUM BROMIDE,NA
IBUPROFEN,PF-01363736
TERFENADINE,PF-00344593
ZIDOVUDINE,PF-00344677
MESALAMINE,PF-00345380
METHYLPHENIDATE HYDROCHLORIDE,NA
LORATADINE,PF-00346581
KETOCONAZOLE,PF-00344571
ZOMEPIRAC,PF-00344679
ARIPIPRAZOLE LAUROXIL,NA
SODIUM OXYBATE,PF-01018594
INDOMETHACIN,PF-00344630
CHOLESTYRAMINE,CP-002505
"HUMAN PAPILLOMAVIRUS VACCINE (TYPES 6, 11, 16, 18, 31, 33, 45, 52, 58) (GARDASIL 9)",NA
LAMIVUDINE,PF-00219084
NAFCILLIN SODIUM,NA
METHARBITAL,PF-00346541
TYROPANOATE SODIUM,NA
CARBAMAZEPINE,PF-00344611
ISRADIPINE,PF-00345053
HETACILLIN,PF-00345245
METAPROTERENOL SULFATE,PF-00345008
PANTOPRAZOLE SODIUM,NA
BUSPIRONE HYDROCHLORIDE,PF-00344610
NYSTATIN,EXT-0013157656
SILDENAFIL CITRATE,PF-01000000
LORCASERIN HYDROCHLORIDE,PF-03609190
PANCRELIPASE,Pancrelipase
BOSUTINIB MONOHYDRATE,PF-05208763
LAMOTRIGINE,PF-01072776
MEZLOCILLIN SODIUM MONOHYDRATE,NA
EXENATIDE,PF-05297875
TETRABENAZINE,PF-05279945
PACLITAXEL,PF-00345535
GADOPENTETATE DIMEGLUMINE,EXT-0027110312
VIGABATRIN,PF-00345623
PIRFENIDONE,PF-02059379
TIPRANAVIR,PF-00558824
CYCLOPHOSPHAMIDE,PF-00344700
PINDOLOL,PF-00344643
RIZATRIPTAN BENZOATE,PF-01157088
SALMETEROL XINAFOATE,NA
DORAVIRINE,NA
DELAMANID,NA
RISEDRONATE SODIUM,PF-00579921
EFLORNITHINE HYDROCHLORIDE,NA
COLCHICINE,PF-00344618
PIRIFIBRATE,NA
REGADENOSON,PF-06892055
PREDNISOLONE,PF-00332135
CHLOROTHIAZIDE SODIUM,NA
RECOMBINANT HUMAN C1 INHIBITOR,NA
SAQUINAVIR,PF-00345563
BARIUM SULFATE,NA
PHENAGLYCODOL,NA
METAXALONE,PF-00345552
CARBOCISTEINE,PF-06380046
VANDETANIB,PF-00335487
INFLUENZA VIRUS VACCINE,NA
"ANTIHEMOPHILIC FACTOR VIII COMPLEX (HUMAN, MONOCLONAL)",NA
PENICILLIN G SODIUM,NA
BISACODYL,PF-00345194
MILTEFOSINE,Miltefosine
NIMUSTINE,PF-00929950
TEDIZOLID PHOSPHATE,NA
METHENAMINE HIPPURATE,NA
IFOSFAMIDE,PF-00345280
MISOPROSTOL,PF-00345521
ITRACONAZOLE,PF-00346444
CLONAZEPAM,PF-00345352
DULOFIBRATE,NA
ENCAINIDE,PF-05165057
CRIZOTINIB,PF-02341066
LOPERAMIDE HYDROCHLORIDE,NA
ORLISTAT,PF-00346557
NINTEDANIB ESYLATE,NA
FLUPHENAZINE HYDROCHLORIDE,PF-00345041
APRACLONIDINE HYDROCHLORIDE,NA
DANTROLENE SODIUM,PF-00344542
LURASIDONE HYDROCHLORIDE,PF-06708379
TALIGLUCERASE ALFA,NA
DEHYDROEMETINE,NA
NICOFIBRATE,NA
PRUCALOPRIDE,PF-01257838
FOLLITROPIN BETA,Follitropin Beta
SEVELAMER CARBONATE,NA
AMINOSALICYLIC ACID,PF-00344682
OLOPATADINE HYDROCHLORIDE,NA
POTASSIUM CHLORIDE,PF-01423169
ALGLUCOSIDASE ALFA,Alglucosidase Alfa
LOFEXIDINE HYDROCHLORIDE,PF-02400222
RANITIDINE HYDROCHLORIDE,PF-01462553
TRIPELENNAMINE HYDROCHLORIDE,PF-00344758
OCRELIZUMAB,Ocrelizumab
ELTROMBOPAG OLAMINE,EXT-0027251580
ULIPRISTAL ACETATE,VC-000703980
BUMETANIDE,PF-00344857
ASENAPINE MALEATE,NA
INSULIN (HUMAN RECOMBINANT),NA
FLURBIPROFEN SODIUM,NA
LEUPROLIDE ACETATE,NA
LODOXAMIDE TROMETHAMINE,NA
CLOBETASOL PROPIONATE,NA
PEMETREXED DITROMETHAMINE,NA
OCTREOTIDE ACETATE,NA
DELAFLOXACIN,NA
TOLVAPTAN,WYE-250415
LESINURAD,NA
NELFINAVIR MESYLATE,PF-00346577
RAMELTEON,PF-00724076
CARBACHOL,PF-00344766
HYDROXOCOBALAMIN,EXT-0027296177
LOMITAPIDE MESYLATE,NA
MORICIZINE HYDROCHLORIDE,PF-00345131
CARIPRAZINE HYDROCHLORIDE,NA
OXAPROZIN,PF-00345554
GRANISETRON,PF-00346599
FLUCLOXACILLIN,PF-00346436
TADALAFIL,PF-00346018
OBETICHOLIC ACID,PF-04337610
PROBENECID,PF-00345145
OMEGA-3-ACID ETHYL ESTERS,NA
TACROLIMUS,PF-00579923
SERTRALINE HYDROCHLORIDE,PF-00579897
OFLOXACIN,PF-00579980
PENTOXIFYLLINE,PF-00345538
DULOXETINE HYDROCHLORIDE,PF-00346559
NAPROXEN SODIUM,NA
COLESTIPOL HYDROCHLORIDE,NA
KETOROLAC TROMETHAMINE,PF-00345127
AMLEXANOX,PF-00346618
PIMOZIDE,PF-00249451
ACARBOSE,PF-06234045
FERROUS CALCIUM CITRATE,Ferrous Calcium Citrate
SECRETIN SYNTHETIC PORCINE,NA
DARUNAVIR ETHANOLATE,NA
AZELASTINE HYDROCHLORIDE,NA
BUROSUMAB,NA
DEXLANSOPRAZOLE,PF-06263993
DOXYCYCLINE HYCLATE,PF-00344784
ISOSORBIDE,PF-05014996
DEFLAZACORT,PF-00371245
PEGVALIASE,NA
EPROSARTAN MESYLATE,PF-01468991
DOXYCYCLINE,PF-00344784
BUSULFAN,PF-00345490
VINBLASTINE SULFATE,NA
ESMOLOL HYDROCHLORIDE,NA
CODEINE SULFATE,PF-00345355
ZALCITABINE,PF-00345430
VITAMIN E,PF-02535826
ACETOHYDROXAMIC ACID,PF-00344676
ETHOSUXIMIDE,PF-00344988
SOTALOL HYDROCHLORIDE,NA
FENFLURAMINE,PF-02537306
TROSPIUM CHLORIDE,PF-04087761
REMIFENTANIL HYDROCHLORIDE,NA
ALGLUCERASE,Alglucerase
CEFOTAXIME SODIUM,NA
NILOTINIB HYDROCHLORIDE MONOHYDRATE,NA
TREPROSTINIL,PF-06889204
MIGLUSTAT,PF-02837115
MORPHINE SULFATE,PF-00345387
PALIPERIDONE PALMITATE,NA
FLOSEQUINAN,PNU-0084911
ETIDRONATE DISODIUM,PF-00344622
STRONTIUM RANELATE,NA
METRONIDAZOLE,PF-00344568
BENZTHIAZIDE,PF-00344768
CARISOPRODOL,PF-00344614
MICONAZOLE NITRATE,NA
EVEROLIMUS,CAT-774569
NICLOSAMIDE,PF-00345529
VORTIOXETINE HYDROBROMIDE,NA
LUBIPROSTONE,Lubiprostone
TRICHLORMETHIAZIDE,PF-00344836
CEFETAMET PIVOXIL,NA
LITHIUM CARBONATE,NA
ROSIGLITAZONE MALEATE,PF-00346591
ZOLMITRIPTAN,PF-00346558
ALBENDAZOLE,PF-00344680
PENICILLAMINE,PF-00344737
GLYCOPYRROLATE,PF-00835117
TAPENTADOL HYDROCHLORIDE,NA
"COAGULATION FACTOR XA (RECOMBINANT), INACTIVATED",NA
COPANLISIB,NA
CERITINIB,PF-06727614
METHYLNALTREXONE BROMIDE,EXT-0027228757
RIOCIGUAT,NA
ABACAVIR SULFATE,PF-00558077
CLARITHROMYCIN,PF-00344544
METHOTRIMEPRAZINE,NA
DIDANOSINE,PF-00345685
BUPRENORPHINE HYDROCHLORIDE,NA
PITAVASTATIN CALCIUM,PF-01620335
FLURAZEPAM HYDROCHLORIDE,PF-00344628
SPIRAPRIL HYDROCHLORIDE,PF-00345564
AFAMELANOTIDE,NA
LANTHANUM CARBONATE,EXT-0027220490
PEMETREXED DISODIUM,NA
PORFIMER SODIUM,NA
IBANDRONATE SODIUM,PF-01738746
CLOFIBRATE,PF-00345116
DESLORATADINE,PF-00346598
PADELIPORFIN,NA
IPRATROPIUM BROMIDE,NA
FEBUXOSTAT,PF-01214528
MEBENDAZOLE,PF-00344727
SIBUTRAMINE HYDROCHLORIDE,PF-00346585
"INTERFERON ALFA-2A, RECOMBINANT","interferon alfa-2a, recombinant"
BRENTUXIMAB VEDOTIN,NA
METRIFONATE,NA
SUCRALFATE,Sucralfate
CRISABOROLE,NA
AVANAFIL,NA
NITISINONE,PF-06101294
AMPRENAVIR,PF-00579963
ERYTHROMYCIN ESTOLATE,NA
MITOMYCIN,PF-00345014
CHOLINE FENOFIBRATE,PF-00802333
LEVOMILNACIPRAN HYDROCHLORIDE,NA
ATALUREN,NA
METYRAPONE,PF-00344807
CLOZAPINE,PF-00248926
FENOFIBRATE,PF-00345505
DIRITHROMYCIN,PF-00346428
OLSALAZINE SODIUM,NA
ROLAPITANT HYDROCHLORIDE,NA
CINOXACIN,PF-00344863
SUGAMMADEX SODIUM,NA
VINDESINE,PF-00346478
FOLLITROPIN ALFA,Follitropin Alfa
AZATHIOPRINE,PF-00344689
NITAZOXANIDE,PF-01422300
IVOSIDENIB,NA
ERYTHROMYCIN LACTOBIONATE,NA
MIDODRINE HYDROCHLORIDE,PF-00345522
DEGARELIX ACETATE,NA
IDELALISIB,PF-06276688
MITOBRONITOL,NA
PHENYLBUTAZONE,PF-00344905
NAPROXEN,PF-00344899
LACTULOSE,PF-00835127
DEFEROXAMINE MESYLATE,NA
TILUDRONATE DISODIUM,PF-00596733
METHOTREXATE,PF-00344600
TENOFOVIR DISOPROXIL FUMARATE,NA
MAZINDOL,PF-00345374
MIDOSTAURIN,NA
ZOLEDRONIC ACID,PF-01525046
CERULETIDE DIETHYLAMINE,NA
DALFAMPRIDINE,PF-06889201
PERAMPANEL,NA
IRINOTECAN HYDROCHLORIDE,NA
MEXILETINE HYDROCHLORIDE,PF-00345060
SEMAGLUTIDE,NA
ESTRAMUSTINE PHOSPHATE SODIUM,NA
NALTREXONE HYDROCHLORIDE,PF-00345063
FERRIC CITRATE,PF-00596722
CLORAZEPATE DIPOTASSIUM,PF-00345354
FUROSEMIDE,PF-01693298
GUANIDINE HYDROCHLORIDE,PF-01013423
AGALSIDASE BETA,Agalsidase Beta
CEFOPERAZONE SODIUM,NA
SERFIBRATE,NA
BRIGATINIB,NA
POLYTHIAZIDE,PF-00344823
GLYBURIDE,PF-00344714
SAQUINAVIR MESYLATE,PF-00345563
ANTAZOLINE,PF-00345105
FERRIC PYROPHOSPHATE CITRATE,NA
CEVIMELINE HYDROCHLORIDE,NA
CYTARABINE LIPOSOME,NA
RALTEGRAVIR POTASSIUM,PF-04545030
AMSACRINE,PF-00345593
CEFTAZIDIME SODIUM,NA
ESOMEPRAZOLE MAGNESIUM,NA
CEFTAZIDIME,PF-00344978
RIMONABANT,PF-01867088
TEMSIROLIMUS,Temsirolimus
PATIROMER SORBITEX CALCIUM,NA
BOCEPREVIR,PF-04586491
ACETOPHENAZINE MALEATE,PF-00344849
INSULIN ASPART,Insulin Aspart
FLECAINIDE ACETATE,PF-00344553
IMMUNE GLOBULIN (HUMAN),NA
BENZONATATE,PF-00345410
AMPHOTERICIN B,Amphotericin B
APREPITANT,PF-01554086
CEFADROXIL,PF-00344771
NORFLOXACIN,PF-00344811
CEPHALEXIN HYDROCHLORIDE,NA
TIMOLOL MALEATE,PF-00344664
CYCLOTHIAZIDE,PF-00929793
PRAZOSIN HYDROCHLORIDE,PF-00344579
FENTANYL,PF-00345423
PONATINIB HYDROCHLORIDE,NA
DAPAGLIFLOZIN PROPANEDIOL,NA
FLUOROURACIL,Fluorouracil
TECOVIRIMAT,NA
METFORMIN HYDROCHLORIDE,PF-00345168
NICOTINE POLACRILEX,NA
RIBAVIRIN,PF-00344584
RALTITREXED,PF-02433967
CLOXACILLIN SODIUM,PF-00345263
ANASTROZOLE,PF-00346590
PREDNISONE,PF-00344739
ETHACRYNIC ACID,PF-00344547
IMATINIB MESYLATE,PF-01677920
DIGITOXIN,PF-02769197
METHYSERGIDE MALEATE,NA
PAROXETINE HYDROCHLORIDE,NA
ZILEUTON,PF-00346588
PEFLOXACIN,PF-00346456
NALOXEGOL OXALATE,NA
DONEPEZIL HYDROCHLORIDE,PF-00346601
METHOTREXATE SODIUM,PF-00344600
ACETYLCYSTEINE,PF-00345335
ZINC ACETATE,Zinc Acetate
MITOXANTRONE HYDROCHLORIDE,NA
VINCRISTINE SULFATE,NA
VILOXAZINE,PF-06290794
DULAGLUTIDE,NA
"SOMATROPIN, BIOSYNTHETIC",NA
PAMIDRONATE DISODIUM,NA
COLESEVELAM HYDROCHLORIDE,NA
ESOMEPRAZOLE SODIUM,EXT-0027372558
PAPAVERINE HYDROCHLORIDE,NA
RABEPRAZOLE SODIUM,PF-00346587
CYCLOSPORINE,PF-02375678
FENOLDOPAM MESYLATE,NA
DESMOPRESSIN ACETATE,PF-01266468
CEFTIZOXIME SODIUM,NA
ALPRAZOLAM,PF-00345338
TEMOZOLOMIDE,PF-00579922
THALIDOMIDE,PF-00344592
SCOPOLAMINE,PF-00365925
ESOMEPRAZOLE STRONTIUM,NA
BELLADONNA,NA
CARNIDAZOLE,NA
CEFPODOXIME PROXETIL,NA
ALBUTEROL,PF-04980734
CHOLERA VACCINE,Cholera Vaccine
PRACTOLOL,NA
ESCITALOPRAM OXALATE,PF-00988288
OXAPROZIN POTASSIUM,NA
GADOFOSVESET TRISODIUM,EXT-0027191984
FLUORESCEIN SODIUM,NA
"BETAINE, ANHYDROUS",NA
TOPIRAMATE,PF-00346605
AZTREONAM,PF-00345023
FENOPROFEN CALCIUM,PF-00345124
TECHNETIUM TC 99M DEPREOTIDE,NA
FELODIPINE,PF-00346433
DOCETAXEL,PF-00104030
NALDEMEDINE TOSYLATE,NA
SUCROFERRIC OXYHYDROXIDE,NA
AMPICILLIN SODIUM,NA
MEPHENOXALONE,NA
QUININE SULFATE,PF-00930241
"PRUSSIAN BLUE, INSOLUBLE",NA
BETHANECHOL CHLORIDE,PF-00344691
CARVEDILOL PHOSPHATE,NA
CEFPROZIL,PF-00344859
IDARUBICIN HYDROCHLORIDE,NA
DIAZOXIDE,PF-00344877
POTASSIUM CITRATE,Potassium Citrate
ZONISAMIDE,PF-00930271
BICLOFIBRATE,NA
MEDROXYPROGESTERONE ACETATE,PF-00345005
LABETALOL HYDROCHLORIDE,NA
EZOGABINE,PF-02543547
DOXEPIN HYDROCHLORIDE,PF-00344620
MECHLORETHAMINE HYDROCHLORIDE,NA
SECNIDAZOLE,NA
GEMCITABINE HYDROCHLORIDE,NA
MERCUMATILIN SODIUM,NA
SULFUR HEXAFLUORIDE,NA
CYTARABINE,PF-00345356
FOLLITROPIN DELTA,NA
BEZAFIBRATE,PF-00345703
VOGLIBOSE,PF-04087767
CHLORMERODRIN,NA
DIETHYLPROPION HYDROCHLORIDE,NA
INSULIN GLARGINE,Insulin Glargine
ALENDRONATE SODIUM,PF-00346292
OSELTAMIVIR PHOSPHATE,PF-04440269
MONOCTANOIN,CP-205190
METHYCLOTHIAZIDE,PF-00344731
RIFAXIMIN,Rifaximin
CHOLIC ACID,NA
PENTOSTATIN,PF-01385281
PAZOPANIB HYDROCHLORIDE,PF-04967002
GONADORELIN HYDROCHLORIDE,NA
NERATINIB MALEATE,PF-05208767
AGALSIDASE ALFA,Agalsidase Alfa
VILAZODONE HYDROCHLORIDE,NA
LEVOCARNITINE,PF-06286796
DOLUTEGRAVIR SODIUM,NA
COLISTIMETHATE SODIUM,NA
ISOXSUPRINE HYDROCHLORIDE,NA
PASIREOTIDE,NA
POTASSIUM PERCHLORATE,Potassium Perchlorate
METHYLPHENIDATE,PF-06562732
TOLTERODINE TARTRATE,PF-00346634
CYPROHEPTADINE HYDROCHLORIDE,PF-00344538
ISOTRETINOIN,PF-01477806
CILOSTAZOL,PF-00346586
IBANDRONIC ACID,PF-01738746
ISOFLUROPHATE,NA
FAMOTIDINE,PF-00344625
FOSAPREPITANT DIMEGLUMINE,NA
FEXOFENADINE HYDROCHLORIDE,PF-00345624
TERBINAFINE HYDROCHLORIDE,PF-00579927
INDOMETHACIN SODIUM,NA
TIOPRONIN,CP-111753
NALTREXONE,PF-00345063
CLONIDINE HYDROCHLORIDE,PF-00344866
DIVALPROEX SODIUM,PF-00345161
TOLCAPONE,PF-00482974
ILOPERIDONE,PF-01827219
LANREOTIDE ACETATE,EXT-0027110577
QUINETHAZONE,PF-00344829
POTASSIUM IODIDE,PF-03938255
BINIFIBRATE,NA
BREXPIPRAZOLE,PF-06916990
TEMAZEPAM,PF-00344752
BRINZOLAMIDE,PF-00346481
"HUMAN PAPILLOMAVIRUS VACCINE (TYPES 6, 11, 16, 18), RECOMBINANT, ADSORBED",NA
CEPHRADINE,PF-00345348
DIMETHYLFUMARATE,NA
CLINOFIBRATE,Clinofibrate
ERDAFITINIB,NA
IODINATED GLYCEROL,Iodinated Glycerol
INFLUENZA VIRUS VACCINE (H5N1),NA
NICOTINE,PF-00930206
NARATRIPTAN HYDROCHLORIDE,PF-01063833
SHORT RAGWEED POLLEN ALLERGEN EXTRACT,NA
TEGAFUR,PF-00346614
OMEPRAZOLE MAGNESIUM,NA
OFATUMUMAB,Ofatumumab
PENTOSAN POLYSULFATE SODIUM,NA
TRAMADOL HYDROCHLORIDE,PF-00346470
DILEVALOL,NA
ETOFIBRATE,PF-01461767
BIALAMICOL HYDROCHLORIDE,NA
UNDECYLENIC ACID,PF-00345093
TRIMETHAPHAN CAMSYLATE,NA
CARPROFEN,PF-03732988
IVERMECTIN,PF-00345511
PEGLOTICASE,Pegloticase
DIMETINDENE,PF-00346427
LEVONORGESTREL,PF-00345069
DEXTROAMPHETAMINE SULFATE,PF-00345361
ABATACEPT,Abatacept
BIPERIDEN HYDROCHLORIDE,NA
LITHIUM CITRATE,NA
SYROSINGOPINE,NA
CEFAMANDOLE NAFATE,NA
PARATHYROID HORMONE,NA
CARBOPLATIN,PF-06264000
IRON SUCROSE,Iron Sucrose
IBRUTINIB,NA
CASPOFUNGIN ACETATE,NA
POTASSIUM GLUCONATE,Potassium Gluconate
SUPROFEN,PF-00344750
TELITHROMYCIN,PF-04087752
XYLOSE,PF-06781009
SECRETIN SYNTHETIC HUMAN,Secretin Synthetic Human
CERIVASTATIN SODIUM,PF-00346556
OMEGA-3-CARBOXYLIC ACIDS,NA
PARICALCITOL,Paricalcitol
BECLOMETHASONE DIPROPIONATE,NA
METHICILLIN SODIUM,NA
SODIUM CITRATE,PF-00596722
PRIMAQUINE PHOSPHATE,NA
FOSAMPRENAVIR CALCIUM,NA
TIMOTHY GRASS POLLEN ALLERGEN EXTRACT,NA
SENNA,NA
GALANTAMINE HYDROBROMIDE,PF-00345731
POTASSIUM THIOCYANATE,NA
OCTYLHYDROGEN FUMARATE,NA
NITROFURANTOIN,PF-00344812
ACYCLOVIR,PF-00344525
PERMETHRIN,PF-00345608
MENADIOL SODIUM DIPHOSPHATE,NA
LATAMOXEF,PF-06373426
ACEBUTOLOL HYDROCHLORIDE,PF-00344843
FLUNISOLIDE,PF-00331973
SODIUM FERRIC GLUCONATE,NA
ACIVICIN,PF-02536060
CEFAZOLIN SODIUM,NA
ORPHENADRINE CITRATE,NA
CEFTAZIDIME (ARGININE FORMULATION),NA
ESZOPICLONE,PF-05182193
SONIDEGIB PHOSPHATE,NA
PHENTERMINE RESIN COMPLEX,NA
ANAKINRA,Anakinra
THIOTEPA,PF-00345323
CYANOCOBALAMIN,PF-00345656
ORPHENADRINE HYDROCHLORIDE,PF-00344813
PROTIRELIN,PF-02434007
RONIFIBRATE,NA
BUFLOMEDIL,PF-00345705
PRAZIQUANTEL,PF-00345078
MERCAPTOPURINE,PF-00345379
PEGINTERFERON ALFA-2B,peginterferon alfa-2b
EPIRUBICIN HYDROCHLORIDE,NA
DURVALUMAB,NA
SEBELIPASE ALFA,NA
TEDUGLUTIDE RECOMBINANT,NA
IPECAC SYRUP,NA
CALCIUM HOPANTENATE,NA
MENOTROPINS,NA
MIGLITOL,PF-00579971
FENTANYL CITRATE,PF-00345423
CEFUROXIME AXETIL,NA
FOSINOPRIL SODIUM,NA
PENICILLIN V,PF-02451794
INTERFERON ALFA-N3,NA
DICLOFENAC,PF-00344545
POSACONAZOLE,PF-06700533
MOLINDONE HYDROCHLORIDE,PF-00344809
"ALBUMIN, NORMAL SERUM (HUMAN)",NA
AMMONIUM CHLORIDE,PF-00318608
IMIGLUCERASE,Imiglucerase
SEVELAMER HYDROCHLORIDE,NA
VELAGLUCERASE ALFA,Velaglucerase Alfa
FESOTERODINE FUMARATE,PF-00695838
FERROUS GLUCONATE,Ferrous Gluconate
VENLAFAXINE HYDROCHLORIDE,PF-00345408
RANIBIZUMAB,Ranibizumab
ROTIGOTINE,PF-06780994
SINCALIDE,PF-01472021
MESULERGINE,NA
NOMIFENSINE,PF-00345303
CAPECITABINE,PF-00346576
GILTERITINIB FUMARATE,NA
PRASTERONE,PF-02299138
CEFACLOR,PF-00579880
RITONAVIR,PF-00346560
SOLRIAMFETOL,NA
FLUTEMETAMOL F-18,NA
SUCCIMER,CL-202746
ABEMACICLIB,PF-06737210
PEGVISOMANT,Pegvisomant
ADAPALENE,PF-00345545
OXITROPIUM,Oxitropium
"ALBUMIN, MICROSPHERES (HUMAN)",NA
IOTHIOURACIL SODIUM,NA
OMEPRAZOLE,PF-00344640
OXYCODONE HYDROCHLORIDE,NA
ZIV-AFLIBERCEPT,NA
MEMANTINE HYDROCHLORIDE,PF-00345664
ETODOLAC,PF-00345040
ACLARUBICIN,PF-00345700
IRBESARTAN,PF-00346555
INSULIN DETEMIR (RDNA ORIGIN),NA
CISPLATIN,PF-02795988
MANNITOL,PF-06299132
CHLORAL HYDRATE,PF-01408531
FLUDARABINE PHOSPHATE,NA
VINORELBINE TARTRATE,NA
TELAVANCIN HYDROCHLORIDE,NA
BEVANTOLOL,PF-05192104
QUETIAPINE FUMARATE,PF-00346606
SIROLIMUS,AY-22989
CHLORZOXAZONE,PF-00344777
GADOLINIUM,PF-06664953
PERAMIVIR,NA
OXYMORPHONE HYDROCHLORIDE,NA
TRIOXSALEN,PF-00345091
CLINDAMYCIN HYDROCHLORIDE,PF-00344619
CLORTERMINE HYDROCHLORIDE,NA
SALAFIBRATE,NA
FELBAMATE,PF-00345502
DANTRON,PF-01000876
CEFIXIME,PF-00346420
LINAGLIPTIN,PF-06708369
AMIODARONE HYDROCHLORIDE,PF-00344526
BALSALAZIDE DISODIUM,NA
SITOFIBRATE,NA
CALCIFEDIOL,PF-06426745
PROPAFENONE HYDROCHLORIDE,PF-00344649
PRAMLINTIDE ACETATE,NA
CHLORTHALIDONE,PF-00344864
LENVATINIB MESYLATE,NA
CEPHALEXIN,PF-00344976
STREPTOZOCIN,PF-00596728
PRANLUKAST,PF-01778922
EDOTREOTIDE,NA
GADOBENATE DIMEGLUMINE,EXT-0027146457
HUMAN ANTHRAX IMMUNOGLOBULIN,NA
"GONADOTROPIN, CHORIONIC",NA
FAMCICLOVIR,PF-00345684
RAXIBACUMAB,NA
ALOGLIPTIN BENZOATE,PF-05015628
DOCUSATE SODIUM,NA
PHENOXYBENZAMINE HYDROCHLORIDE,PF-00345537
MEFRUSIDE,UK-021293
SODIUM POLYSTYRENE SULFONATE,Sodium Polystyrene Sulfonate
CAFFEINE CITRATE,PF-00344607
ATROPINE SULFATE,NA
CEFMETAZOLE SODIUM,NA
QUINAGOLIDE,CL-152541
CLOMIPHENE CITRATE,PF-01421294
SIMFIBRATE,NA
BEXAROTENE,PF-01482451
ESTRADIOL,PF-00344987
PHENYRAMIDOL SALICYLATE,NA
BRIMONIDINE TARTRATE,NA
OXALIPLATIN,EXT-0017783576
GADOFOSVESET,Gadofosveset
RAMUCIRUMAB,NA
IXABEPILONE,Ixabepilone
RANITIDINE BISMUTH CITRATE,NA
TILDRAKIZUMAB,NA
LYPRESSIN,PF-01309936
PREDNISOLONE ACETATE,NA
MELOXICAM,PF-00346297
FURAZOLIDONE,PF-00344713
ELETRIPTAN HYDROBROMIDE,PF-01614157
LACTITOL,PF-06264011
TELBIVUDINE,PF-02785138
DIFLUPREDNATE,PF-06852500
OXCARBAZEPINE,PF-00346582
DACTINOMYCIN,EXT-0027218464
METOLAZONE,PF-00344728
SUFENTANIL CITRATE,NA
CARAMIPHEN HYDROCHLORIDE,NA
LOXAPINE,PF-00345001
GUANABENZ ACETATE,NA
ELIGLUSTAT TARTRATE,NA
XANTIFIBRATE,NA
PHENMETRAZINE HYDROCHLORIDE,PF-00345398
TRIMETHADIONE,PF-00344920
COCAINE HYDROCHLORIDE,NA
APALUTAMIDE,NA
ONDANSETRON,PF-00345557
COLESTILAN,Colestilan
ZOLPIDEM TARTRATE,PF-00345480
DALBAVANCIN HYDROCHLORIDE,NA
PARAMETHADIONE,PF-00345139
VITAMIN A,PF-00346043
INDAPAMIDE,PF-00344561
TENIPOSIDE,PF-00345569
CEFTRIAXONE SODIUM,NA
CHLORHEXIDINE GLUCONATE,Chlorhexidine Gluconate
GREPAFLOXACIN HYDROCHLORIDE,PF-04551811
BUPRENORPHINE,PF-00346554
TACRINE HYDROCHLORIDE,PF-00345617
AMOXICILLIN,PF-00344605
CHLORAMBUCIL,PF-00344697
MINOCYCLINE HYDROCHLORIDE,PF-00344732
PIMECROLIMUS,Pimecrolimus
MANGANESE CHLORIDE TETRAHYDRATE,NA
AMDINOCILLIN,PF-00579916
PROCARBAZINE HYDROCHLORIDE,PF-00345147
ALUMINUM NICOTINATE,NA
ETHAMBUTOL HYDROCHLORIDE,PF-00344710
DISOPYRAMIDE PHOSPHATE,PF-00344548
DOXORUBICIN HYDROCHLORIDE,NA
AMPICILLIN,PF-00345185
SULFADIMETHOXINE,PF-00345151
DICLOFENAC POTASSIUM,NA
CYCLOPENTOLATE HYDROCHLORIDE,NA
DEXMETHYLPHENIDATE HYDROCHLORIDE,NA
ERYTHROMYCIN,PF-00344550
ERYTHROMYCIN ETHYL CARBONATE,NA
STAVUDINE,PF-00345567
VARDENAFIL HYDROCHLORIDE,PF-02400225
FENPROPOREX HYDROCHLORIDE,NA
AZLOCILLIN SODIUM,NA
THIOGUANINE,PF-00344661
FILGRASTIM,Filgrastim
PILOCARPINE HYDROCHLORIDE,PF-00345028
CEFMENOXIME HYDROCHLORIDE,NA
ASPARAGINASE,Asparaginase
FERUMOXYTOL,CL-121569
PIPERACILLIN SODIUM,NA
TIZANIDINE HYDROCHLORIDE,PF-00346240
ACITRETIN,PF-00346410
GLYCEROL PHENYLBUTYRATE,NA
GUANFACINE HYDROCHLORIDE,PF-00344716
CLADRIBINE,PF-01466725
METOPROLOL FUMARATE,NA
BENZNIDAZOLE,NA
GABAPENTIN ENACARBIL,NA
MOCLOBEMIDE,PF-00346638
FOSFOMYCIN TROMETHAMINE,PF-00345504
TOFACITINIB CITRATE,NA
DABIGATRAN ETEXILATE MESYLATE,NA
RUCAPARIB CAMSYLATE,PF-01367338
AMIKACIN SULFATE LIPOSOME,NA
FAM-TRASTUZUMAB DERUXTECAN,NA
DIMERCAPTOPROPANESULFONATE,NA
TENOXICAM,Tenoxicam
EMETINE,PF-00344623
TICARCILLIN DISODIUM,NA
THEOPHYLLINE,PF-00345485
LOMUSTINE,PF-00346528
LAPATINIB DITOSYLATE,PF-01672112
TIMOFIBRATE,NA
RIFAMPIN,PF-00344660
XAMOTEROL,NA
"INTERFERON ALFA-2B, RECOMBINANT",NA
GLATIRAMER ACETATE,EXT-0018409955
OXYBUTYNIN,PF-00345137
CAPREOMYCIN SULFATE,NA
TRIAMCINOLONE ACETONIDE,NA
FLAVOXATE HYDROCHLORIDE,PF-00345507
TRILOSTANE,Trilostane
BENDROFLUMETHIAZIDE,PF-00344853
VASOPRESSIN,PF-01309966
CICLESONIDE,PF-00335422
CIMETIDINE,PF-00344534
MONOETHYLFUMARATE,NA
PHENDIMETRAZINE TARTRATE,NA
ACIPIMOX,PF-00596731
VAPREOTIDE,NA
TOSUFLOXACIN,PF-00346575
ALBIGLUTIDE,NA
AMMONIUM LACTATE,PF-04273520
CEFOXITIN SODIUM,NA
IBUPROFEN POTASSIUM,NA
CEFUROXIME SODIUM,NA
POLYETHYLENE GLYCOL,VC-000057471
MINOXIDIL,PF-00344567
INDIUM IN-111 PENTETREOTIDE,NA
ATROPINE,PF-00929727
UREFIBRATE,NA
CANDESARTAN CILEXETIL,NA
CLINDAMYCIN PHOSPHATE,NA
TERAZOSIN HYDROCHLORIDE,PF-00344832
PICAFIBRATE,NA
FLIBANSERIN,NA
TOCOFIBRATE,NA
GRANISETRON HYDROCHLORIDE,NA
PONFIBRATE,NA
FLURBIPROFEN,PF-00344626
TELOTRISTAT ETIPRATE,NA
TROPISETRON,PF-00345648
CELIPROLOL,PF-02433980
LETERMOVIR,NA
SARILUMAB,NA
ALEMTUZUMAB,Alemtuzumab
BISOPROLOL FUMARATE,PF-00579886
DIFETARSONE,NA
DEXTROMETHORPHAN HYDROBROMIDE,NA
PITAVASTATIN,PF-01620335
FENIROFIBRATE,NA
BECLOBRATE,Beclobrate
LIFIBRATE,NA
PENICILLIN G PROCAINE,NA
TIAFIBRATE,NA
DICLOXACILLIN SODIUM,PF-00345271
BROMOCRIPTINE MESYLATE,PF-00929746
CHLORPHENTERMINE HYDROCHLORIDE,PF-01003138
ANTITHYMOCYTE GLOBULIN (RABBIT),NA
PIOGLITAZONE HYDROCHLORIDE,PF-00345560
LEVOCABASTINE HYDROCHLORIDE,NA
BENACTYZINE HYDROCHLORIDE,NA
MELPHALAN,PF-00345054
DACARBAZINE,PF-00345264
NEDOCROMIL SODIUM,NA
PLERIXAFOR,PF-00842320
SARECYCLINE HYDROCHLORIDE,NA
LIRAGLUTIDE,PF-05028029
ALIROCUMAB,NA
CANNABIDIOL,NA
TRASTUZUMAB,Trastuzumab
PEMBROLIZUMAB,NA
HYDROXYUREA,PF-00344629
TALIMOGENE LAHERPAREPVEC,NA
DENOSUMAB,Denosumab
SODIUM PHENYLBUTYRATE,Sodium Phenylbutyrate
TRIENTINE DIHYDROCHLORIDE,NA
TIVOZANIB HYDROCHLORIDE,NA
AZACITIDINE,PF-00345701
MELATONIN,PF-00346609
ANDEXANET ALFA,NA
SOFOSBUVIR,NA
CRIZANLIZUMAB,NA
PEMETREXED DIACID,NA
BLEOMYCIN SULFATE,NA
CEFTAROLINE FOSAMIL,NA
ALLOGENEIC CULTURED KERATINOCYTES AND FIBROBLASTS IN BOVINE COLLAGEN,NA
MAGNESIUM SALICYLATE,Magnesium Salicylate
TOLMETIN SODIUM,PF-00344835
TEMOPORFIN,NA
CALCIUM ACETATE,Calcium Acetate
CARMUSTINE,PF-00345491
DAUNORUBICIN HYDROCHLORIDE,NA
ETOPOSIDE,PF-00345232
CLOFOREX,NA
ERYTHROMYCIN STEARATE,NA
OMALIZUMAB,Omalizumab
TOCAINIDE HYDROCHLORIDE,PF-00345156
SELEGILINE,PF-00344653
CEFEPIME HYDROCHLORIDE,NA
PITOLISANT HYDROCHLORIDE,PF-04473913
LUTETIUM DOTATATE LU-177,NA
CABAZITAXEL,PF-07041299
TENOFOVIR DISOPROXIL PHOSPHATE,NA
CONCENTRATE OF PROTEOLYTIC ENZYMES ENRICHED IN BROMELAIN,NA
LINACLOTIDE,NA
TALAZOPARIB TOSYLATE,PF-06944076
TREOSULFAN,PF-01367402
ENTRECTINIB,NA
ROMIPLOSTIM,Romiplostim
LUTROPIN ALFA,Lutropin Alfa
NEBIVOLOL HYDROCHLORIDE,PF-04605975
MYCOPHENOLATE MOFETIL,PF-00345525
DOXAZOSIN MESYLATE,PF-00346603
TOPOTECAN HYDROCHLORIDE,PF-00346579
CIPROFIBRATE,PF-00345798
PENICILLIN G POTASSIUM,NA
CROTAMITON,PF-00344869
FERUMOXSIL,Ferumoxsil
PHENTERMINE HYDROCHLORIDE,NA
ISOXICAM,NA
NIZATIDINE,PF-00345389
SILTUXIMAB,NA
ISOFLURANE,PF-06786656
OXPRENOLOL HYDROCHLORIDE,PF-00345066
EVOLOCUMAB,NA
TELMISARTAN,PF-00346561
TRANDOLAPRIL,PF-04087773
FLUVASTATIN SODIUM,NA
ASPIRIN,PF-00345190
TIMOLOL,PF-00344664
NIFEDIPINE,PF-00344573
LIXISENATIDE,NA
PRAMIPEXOLE DIHYDROCHLORIDE,PF-02314482
PERINDOPRIL ERBUMINE,PF-00579941
BUPROPION HYDROCHLORIDE,PF-00344539
ATENOLOL,PF-00344852
CANGRELOR,NA
TROLNITRATE PHOSPHATE,NA
ROSUVASTATIN CALCIUM,PF-00579949
CAPTOPRIL,PF-00344533
VERAPAMIL HYDROCHLORIDE,PF-00249188
LISINOPRIL,PF-00344570
BEPRIDIL HYDROCHLORIDE,PF-00344532
NIACIN,PF-00345527
PROPRANOLOL HYDROCHLORIDE,PF-00296693
CYCLANDELATE,PF-02433973
NIMODIPINE,PF-00248850
IVABRADINE HYDROCHLORIDE,PF-05166420
METOPROLOL SUCCINATE,EXT-0027224043
NADOLOL,PF-00345064
FONDAPARINUX SODIUM,EXT-0027171255
GEMFIBROZIL,PF-00344631
RANOLAZINE,PF-00930000
METOPROLOL TARTRATE,PF-00274011
ADENOSINE,PF-00345482
HYDROCHLOROTHIAZIDE,PF-00344792
DIPYRIDAMOLE,PF-00344983
CARVEDILOL,PF-00345548
CORTICOTROPIN,PF-02535868
EZETIMIBE,PF-00835592
OLANZAPINE,PF-00346488
BETAMETHASONE,PF-00345215
RITODRINE HYDROCHLORIDE,NA
GANCICLOVIR SODIUM,NA
BENDAMUSTINE HYDROCHLORIDE,NA
NIRAPARIB TOSYLATE MONOHYDRATE,NA
PALIVIZUMAB,Palivizumab
METHYLPREDNISOLONE ACETATE,NA
BROMFENAC SODIUM,PF-05166418
INDINAVIR SULFATE,PF-00346012
ERIBULIN MESYLATE,Eribulin Mesylate
OXYBUTYNIN CHLORIDE,PF-00345137
MARAVIROC,PF-03419979
PREDNISOLONE TEBUTATE,NA
"PROTEINASE INHIBITOR (HUMAN), ALPHA 1",NA
DANAZOL,PF-00344870
OMACETAXINE MEPESUCCINATE,NA
DINUTUXIMAB,NA
ROFLUMILAST,PF-01666626
ISOCARBOXAZID,PF-00344892
LORLATINIB,PF-06463922
RANITIDINE,PF-01462553
LEVOBUPIVACAINE HYDROCHLORIDE,NA
CANAGLIFLOZIN,PF-04993378
CEFTIBUTEN DIHYDRATE,PF-06264006
ERTUGLIFLOZIN,PF-04971729
PARAMETHASONE ACETATE,NA
METHYLPREDNISOLONE SODIUM SUCCINATE,NA
MONTELUKAST SODIUM,PF-00346597
POMALIDOMIDE,PF-06786723
VALDECOXIB,PF-00579925
"SYNTHETIC CONJUGATED ESTROGENS, A",NA
METHYLDOPA,PF-00344805
CEFONICID SODIUM,NA
PARGYLINE HYDROCHLORIDE,PF-00344644
ICATIBANT ACETATE,NA
PREDNISOLONE SODIUM PHOSPHATE,NA
OMADACYCLINE TOSYLATE,NA
PLECANATIDE,NA
BROXYQUINOLINE,NA
NUSINERSEN,NA
ETRAVIRINE,PF-01281634
SCORPION IMMUNE F(AB)2 INTRAVENOUS (EQUINE),NA
DIETHYLSTILBESTROL,PF-00344543
SODIUM ZIRCONIUM CYCLOSILICATE,NA
FLUOXETINE HYDROCHLORIDE,PF-00344556
RADIUM RA-223 DICHLORIDE,NA
RISPERIDONE,PF-00327962
"BOTULISM ANTITOXIN HEPTAVALENT (EGUINE) TYPES A,B,C,D,E,F,G",NA
MEFENAMIC ACID,PF-00344800
LEVOFLOXACIN,PF-00579980
SULFATHIAZOLE,PF-00345452
OSPEMIFENE,NA
"ESTROGENS, CONJUGATED","Estrogens, Conjugated"
"DOXORUBICIN, LIPOSOMAL",NA
CLOTRIMAZOLE,PF-00344541
TOLRESTAT,PF-01716301
PSYLLIUM,Psyllium
AMILORIDE HYDROCHLORIDE,PF-00248544
AZELAIC ACID,PF-00345487
GLIPIZIDE,PF-00344887
TENOFOVIR ALAFENAMIDE FUMARATE,NA
AMIFOSTINE,PF-00345483
ATOVAQUONE,PF-06786674
TAMSULOSIN HYDROCHLORIDE,PF-00833929
AMPHETAMINE,PF-00345699
ETOPOSIDE PHOSPHATE,NA
ANIDULAFUNGIN,PF-03910960
ALVIMOPAN,PF-04119294
DAPTOMYCIN,PF-06448860
GALCANEZUMAB,NA
ARSENIC TRIOXIDE,EXT-0027242381
METHYLPREDNISOLONE,PF-00345299
TINIDAZOLE,PF-00346535
MICAFUNGIN SODIUM,NA
ELVITEGRAVIR,NA
TIAGABINE HYDROCHLORIDE,PF-00579967
ETHINYL ESTRADIOL,PF-00344549
REGORAFENIB,NA
TRIDIHEXETHYL CHLORIDE,NA
FENTANYL HYDROCHLORIDE,NA
PAROXETINE MESYLATE,NA
HOMATROPINE METHYLBROMIDE,NA
IVACAFTOR,PF-05234929
TRIAMCINOLONE,PF-00344668
NEFAZODONE HYDROCHLORIDE,PF-00579891
MIGALASTAT HYDROCHLORIDE,NA
CORTISONE ACETATE,PF-00345209
CORIFOLLITROPIN ALFA,NA
HYDROCORTISONE VALERATE,NA
HYDROCORTISONE ACETATE,NA
LINDANE,PF-00345287
CATUMAXOMAB,NA
DIETHYLSTILBESTROL DIPHOSPHATE,NA
PIMAVANSERIN TARTRATE,NA
AXICABTAGENE CILOLEUCEL,NA
ENFUVIRTIDE,UK-531102
BETAMETHASONE VALERATE,NA
GALLIUM NITRATE,PF-04208852
ABALOPARATIDE,NA
UROFOLLITROPIN,Urofollitropin
PERGOLIDE MESYLATE,PF-00344817
PROPANTHELINE BROMIDE,PF-00345149
BERACTANT,Beractant
EDOXABAN TOSYLATE,NA
TORSEMIDE,PF-00346626
SOLIFENACIN SUCCINATE,PF-02669968
BLINATUMOMAB,NA
TRICHLOROETHYLENE,NA
VALGANCICLOVIR HYDROCHLORIDE,PF-06780707
EMPAGLIFLOZIN,PF-04732403
VANCOMYCIN HYDROCHLORIDE,NA
TRIAMCINOLONE HEXACETONIDE,NA
INGENOL MEBUTATE,NA
PALBOCICLIB,PF-00080665
TRIAMCINOLONE DIACETATE,NA
ESTRADIOL VALERATE,NA
CHLORPHENOXAMINE,PF-00344861
ZOPOLRESTAT,NA
TERIFLUNOMIDE,NA
LUCINACTANT,NA
HYDROCORTISONE BUTYRATE,NA
VORICONAZOLE,PF-00579955
ISAVUCONAZONIUM SULFATE,NA
CLIOQUINOL,PF-00344699
ESTRADIOL ACETATE,NA
RISARESTAT,NA
ROFECOXIB,PF-00346485
AURANOFIN,CP-104774
ESTRONE,PF-00345366
HYDROMORPHONE HYDROCHLORIDE,PF-00345426
DUPILUMAB,NA
MACITENTAN,NA
MIFAMURTIDE,NA
HYDROCORTISONE,PF-00344557
ZENARESTAT,NA
BOTULISM IMMUNE GLOBULIN INTRAVENOUS (HUMAN),NA
PALONOSETRON HYDROCHLORIDE,PF-04087758
FLUDROCORTISONE ACETATE,NA
RIVAROXABAN,PF-03965244
HYDROCORTISONE SODIUM PHOSPHATE,NA
AMPHETAMINE SULFATE,NA
DEXAMETHASONE ACETATE,NA
TRANYLCYPROMINE SULFATE,NA
NAFARELIN ACETATE,NA
DECITABINE,PF-06700524
"SYNTHETIC CONJUGATED ESTROGENS, B",NA
CHLOROTRIANISENE,PF-00344773
ICODEXTRIN,Icodextrin
MIRABEGRON,NA
MODAFINIL,PF-00242013
IOHEXOL,PF-00344722
BENURESTAT,NA
THIAMPHENICOL,NA
LINEZOLID,PF-00184033
GENTIAN VIOLET,RS-005859
ESTROPIPATE,PF-06182625
METHYLCELLULOSE,Methylcellulose
NEOSTIGMINE METHYLSULFATE,NA
LUSUTROMBOPAG,NA
ATAZANAVIR SULFATE,PF-01369715
IMIRESTAT,NA
FLORBETAPIR F-18,NA
MINALRESTAT,CL-608860
FLUPREDNISOLONE,RS-292564
PERFLUBRON,NA
ISPAGHULA,Ispaghula
CINCHOPHEN,PF-01005927
MEGESTROL ACETATE,NA
ETEPLIRSEN,NA
CROMOLYN SODIUM,NA
EPALRESTAT,PF-00346639
AZITHROMYCIN,PF-00345344
COBICISTAT,NA
ALRESTATIN,NA
LIDORESTAT,NA
AMOXAPINE,PF-00344604
IOVERSOL,CP-111754
MILNACIPRAN HYDROCHLORIDE,PF-05166427
VOLANESORSEN,NA
PHENELZINE SULFATE,PF-00345074
ESTRADIOL CYPIONATE,NA
METRELEPTIN,NA
ACETOHEXAMIDE,PF-00344845
VALPROATE SODIUM,NA
CLEVIDIPINE BUTYRATE,NA
MOXETUMOMAB PASUDOTOX,NA
TOLAZOLINE HYDROCHLORIDE,NA
DACLIZUMAB,Daclizumab
PONALRESTAT,NA
ALDESLEUKIN,Aldesleukin
MOXALACTAM DISODIUM,NA
SODIUM PHOSPHATE,Sodium Phosphate
"ROTAVIRUS VACCINE, LIVE, ORAL, PENTAVALENT",NA
DASATINIB,PF-04571508
IODOQUINOL,NA
INDACATEROL MALEATE,NA
EFAVIRENZ,PF-00342257
VARENICLINE TARTRATE,PF-03430574
NATEGLINIDE,PF-00579945
BETAMETHASONE SODIUM PHOSPHATE,NA
STROPHANTHIN-K,NA
MIRTAZAPINE,PF-00297424
ROPEGINTERFERON ALFA-2B,NA
ACAMPROSATE CALCIUM,PF-01492448
BENZALKONIUM CHLORIDE,NA
ALISKIREN HEMIFUMARATE,PF-06264015
TOLAZAMIDE,PF-00344833
DEXAMETHASONE SODIUM PHOSPHATE,NA
MIDAZOLAM HYDROCHLORIDE,PF-00346487
RACECADOTRIL,NA
CLOBAZAM,PF-00346490
RASAGILINE MESYLATE,PF-05012604
COLLAGEN HEMOSTAT,NA
HISTAMINE DIHYDROCHLORIDE,CL-4299978
CASCARA,Cascara
FLUTAMIDE,PF-00344885
DELAVIRDINE MESYLATE,PF-00596729
PANOBINOSTAT LACTATE,PF-06458595
HALOFANTRINE HYDROCHLORIDE,PF-00346441
NEVIRAPINE,PF-00346563
DIENESTROL,PF-00345119
OPICAPONE,NA
INOTUZUMAB OZOGAMICIN,NA
AMPHOTERICIN B LIPOSOME,NA
LISURIDE,PF-00345839
CLOFARABINE,PF-06481458
ENOXAPARIN SODIUM,NA
BREXANOLONE,NA
ARGATROBAN,PF-00346595
METHSCOPOLAMINE BROMIDE,PF-00345294
DESOXIMETASONE,PF-00345212
CETIRIZINE HYDROCHLORIDE,NA
QUINESTROL,PF-00344912
BRONOPOL,NA
CIMETIDINE HYDROCHLORIDE,NA
SORBINIL,NA
CLIDINIUM BROMIDE,PF-00344865
MILRINONE LACTATE,NA
MEPENZOLATE BROMIDE,PF-00345003
HYDROCORTISONE SODIUM SUCCINATE,NA
ANISOTROPINE METHYLBROMIDE,PF-00345488
ENTECAVIR,PF-06700532
RANIRESTAT,NA
HYDROCORTISONE CYPIONATE,NA
LOSARTAN POTASSIUM,PF-00579890
FIDARESTAT,NA
SIMEPREVIR SODIUM,NA
POLYESTRADIOL PHOSPHATE,NA
CHLORQUINALDOL,PF-01390915
POLYMYXIN B SULFATE,RS-331119
RIMEXOLONE,PF-04440312
CHLORAMPHENICOL SODIUM SUCCINATE,NA
IOBENGUANE I-131,Iobenguane I-131
DICYCLOMINE HYDROCHLORIDE,PF-00344704
DACLATASVIR DIHYDROCHLORIDE,NA
HOMATROPINE HYDROBROMIDE,NA
LAROTRECTINIB,NA
BOTULINUM TOXIN TYPE A,Botulinum Toxin Type A
PREGABALIN,PF-01469713
RIFAMYCIN,Rifamycin
DEXMEDETOMIDINE HYDROCHLORIDE,NA
PIXANTRONE DIMALEATE,NA
RILUZOLE,PF-00344586
COLLAGENASE CLOSTRIDIUM HISTOLYTICUM,Collagenase Clostridium Histolyticum
ECULIZUMAB,Eculizumab
MOMETASONE FUROATE,NA
ATEZOLIZUMAB,NA
NORETHISTERONE ENANTATE,NA
VALRUBICIN,PF-02784023
STIRIPENTOL,PF-04087763
CISAPRIDE MONOHYDRATE,PF-06553797
HYDROCORTISONE PROBUTATE,NA
INOTERSEN SODIUM,NA
TRETINOIN,PF-01477806
TENAPANOR HYDROCHLORIDE,NA
ETELCALCETIDE HYDROCHLORIDE,NA
TRABECTEDIN,VC-000133785
PEGFILGRASTIM,Pegfilgrastim
FISH OIL TRIGLYCERIDES,NA
GANCICLOVIR,PF-00346566
ACETAMINOPHEN,PF-00344524
HYOSCYAMINE SULFATE,NA
"ESTROGENS, ESTERIFIED",NA
DEUTETRABENAZINE,NA
SIMVASTATIN,PF-00344654
DILTIAZEM HYDROCHLORIDE,PF-00249692
PERFLEXANE LIPID MICROSPHERES,NA
TICAGRELOR,NA
TICLOPIDINE HYDROCHLORIDE,PF-00346127
ISOSORBIDE MONONITRATE,NA
RAMIPRIL,PF-00345628
VALSARTAN,PF-00579895
NICARDIPINE HYDROCHLORIDE,PF-00249549
WARFARIN SODIUM,PF-00344599
NIALAMIDE,PF-00345606
RALOXIFENE HYDROCHLORIDE,PF-00579911
"HEPATITIS B VACCINE, RECOMBINANT",NA
BACLOFEN,PF-00344602
BELATACEPT,Belatacept
BELIMUMAB,Belimumab
RITUXIMAB,Rituximab
LOTEPREDNOL ETABONATE,NA
"HUMAN PAPILLOMAVIRUS VACCINE (TYPES 16, 18)",NA
HEPARIN SODIUM,EXT-0018409831
LORNOXICAM,PF-06786728
BASILIXIMAB,Basiliximab
AGOMELATINE,PF-01212154
EPOPROSTENOL SODIUM,NA
IBRITUMOMAB TIUXETAN,ibritumomab tiuxetan
MEROPENEM,PF-05290539
ALLOPURINOL,PF-01437938
AMIFAMPRIDINE PHOSPHATE,PF-01448103
ABCIXIMAB,Abciximab
ADEFOVIR DIPIVOXIL,NA
CETUXIMAB,Cetuximab
DEXTRAN,Dextran
FERRIC AMMONIUM CITRATE,NA
DIPHTHERIA AND TETANUS TOXOIDS TWO-COMPONENT VACCINE (HEXACIMA),NA
GADOTERIDOL,Gadoteridol
ELOSULFASE ALFA,NA
TECHNETIUM TC-99M SULFUR COLLOID KIT,Technetium Tc-99m Sulfur Colloid Kit
ENALAPRIL MALEATE,PF-00344786
ALIPOGENE TIPARVOVEC,NA
JAPANESE ENCEPHALITIS VIRUS VACCINE,NA
DIATRIZOATE MEGLUMINE,NA
JOSAMYCIN,Josamycin
VORINOSTAT,PF-00998508
CELECOXIB,PF-00345549
GATIFLOXACIN,PF-00579952
LISDEXAMFETAMINE DIMESYLATE,VC-001215221
ANAGRELIDE HYDROCHLORIDE,NA
PYRIMETHAMINE,PF-00344824
ERYTHROMYCIN ETHYLSUCCINATE,NA
AMBRISENTAN,PF-06438825
FULVESTRANT,PF-05279929
DARBEPOETIN ALFA,Darbepoetin Alfa
TRAVOPROST,PF-04571797
DRONEDARONE HYDROCHLORIDE,PF-05331353
SAPROPTERIN DIHYDROCHLORIDE,VC-000055307
INFLUENZA VIRUS VACCINE LIVE,NA
ECALLANTIDE,EXT-0027220001
CHLOROQUINE HYDROCHLORIDE,NA
BETRIXABAN,NA
CLENBUTEROL,PF-00345799
"INTERFERON BETA-1B, RECOMBINANT",NA
SPIRAMYCIN,Spiramycin
RIVASTIGMINE TARTRATE,PF-04439734
ATOMOXETINE HYDROCHLORIDE,PF-00514723
ARMODAFINIL,Armodafinil
FLUCONAZOLE,PF-00345508
CEFDINIR,PF-00579947
DABRAFENIB MESYLATE,NA
FOSCARNET SODIUM,NA
LEFLUNOMIDE,PF-00345513
TRIFLUOPERAZINE HYDROCHLORIDE,PF-00344597
MUPIROCIN,PF-03732979
METHOXY POLYETHYLENE GLYCOL-EPOETIN BETA,NA
MESNA,Mesna
VARICELLA VACCINE,NA
INAMRINONE LACTATE,NA
PEGASPARGASE,Pegaspargase
MIFEPRISTONE,PF-00345738
DEXTROPROPOXYPHENE,PF-05013970
SIPULEUCEL-T,Sipuleucel-T
LENALIDOMIDE,PF-06700569
DISTIGMINE,Distigmine
TERIPARATIDE ACETATE,NA
GLYMIDINE,NA
TRAMETINIB DIMETHYL SULFOXIDE,PF-06700582
FOSPHENYTOIN SODIUM,NA
LATANOPROST,PF-02433983
GEMIFLOXACIN MESYLATE,PF-06263877
OBILTOXAXIMAB,NA
GEFITINIB,PF-01514191
CARFILZOMIB,NA
RIBOCICLIB SUCCINATE,PF-06732777
THIORIDAZINE,PF-00344594
VELMANASE ALFA,NA
ACLIDINIUM BROMIDE,NA
ALFUZOSIN HYDROCHLORIDE,PF-00346413
ENOXACIN,PF-00345503
AVITRIPTAN,NA
BELINOSTAT,NA
THIORIDAZINE HYDROCHLORIDE,PF-00344594
EMTRICITABINE,PF-06700206
GLUTAMINE,PF-01386485
CABERGOLINE,PF-02769433
IMIQUIMOD,PF-00346574
LETROZOLE,PF-00346482
LEVETIRACETAM,PF-02434000
PANITUMUMAB,Panitumumab
PIPERAZINE CITRATE,PF-00345077
SULFAMETHIZOLE,PF-00345085
VISMODEGIB,PF-04983154
AXITINIB,PF-01367866
VARICELLA-ZOSTER IMMUNE GLOBULIN (HUMAN),NA
FERRIC CARBOXYMALTOSE,NA
TROVAFLOXACIN MESYLATE,PF-00345571
ETONOGESTREL,PF-05851399
IPILIMUMAB,Ipilimumab
ENTACAPONE,PF-04440348
HUMAN COAGULATION FACTOR IX (RECOMBINANT),NA
PODOFILOX,PF-00345752
FLUCYTOSINE,PF-00344715
BINIMETINIB,PF-06811462
MIXED POLLENS ALLERGEN EXTRACT,NA
SITAGLIPTIN PHOSPHATE,PF-03078939
LEVOTHYROXINE SODIUM,NA
BEZLOTOXUMAB,NA
SORAFENIB TOSYLATE,PF-01673287
CERLIPONASE ALFA,NA
TRIFLUPROMAZINE HYDROCHLORIDE,PF-00344669
BICALUTAMIDE,PF-00345546
FENOFIBRIC ACID,PF-00802333
AVATROMBOPAG MALEATE,NA
TRICLABENDAZOLE,NA
BEDAQUILINE FUMARATE,NA
FIBRINOGEN,Fibrinogen
FACTOR XIII CONCENTRATE (HUMAN),NA
AMINOSALICYLATE SODIUM,NA
BUTENAFINE HYDROCHLORIDE,NA
CINACALCET HYDROCHLORIDE,PF-06700534
DIHYDROERGOTAMINE MESYLATE,NA
"HPC, CORD BLOOD",NA
DESVENLAFAXINE SUCCINATE,PF-05212375
MOGAMULIZUMAB,NA
FERUMOXIDES,Ferumoxides
SULFADIAZINE,PF-00344914
BRIVARACETAM,NA
AMIFAMPRIDINE,PF-01448103
GABAPENTIN,PF-00345043
MECASERMIN RECOMBINANT,NA
ENPROSTIL,Enprostil
ZICONOTIDE,PF-04485676
METHADONE HYDROCHLORIDE,PF-05236373
CARTEOLOL HYDROCHLORIDE,PF-00344613
MOEXIPRIL HYDROCHLORIDE,VC-001215226
VERTEPORFIN,Verteporfin
INSULIN LISPRO (HUMAN ANALOG),NA
RUFINAMIDE,PF-04527461
INFLUENZA VIRUS VACCINE (H1N1),NA
TROLEANDOMYCIN,PF-06786685
FOSTAMATINIB DISODIUM,PF-05240706
UNOPROSTONE ISOPROPYL,NA
AFLIBERCEPT,Aflibercept
DAMOCTOCOG ALFA PEGOL,NA
ESTAZOLAM,PF-01458096
FOMEPIZOLE,PF-00800633
BOSENTAN,PF-01238578
CHLORPROTHIXENE,PF-00344974
IOPROMIDE,PF-06731057
TECHNETIUM TC-99M FANOLESOMAB,NA
IRINOTECAN LIPOSOME,NA
QUINACRINE HYDROCHLORIDE,NA
VALACYCLOVIR HYDROCHLORIDE,PF-00346583
LORACARBEF,PF-00579879
GOSERELIN ACETATE,NA
EPOETIN ALFA,Epoetin Alfa
METHYLTESTOSTERONE,PF-00345739
METYROSINE,PF-00344730
TOBRAMYCIN,PF-00345089
PHENTOLAMINE MESYLATE,NA
CHLORPROMAZINE HYDROCHLORIDE,PF-00345029
LEVOCETIRIZINE DIHYDROCHLORIDE,EXT-0027215725
AMINEPTINE,PF-01627795
ETHIONAMIDE,PF-00344711
ASTEMIZOLE,PF-00344530
REPAGLINIDE,PF-00835131
COBIMETINIB FUMARATE,NA
GARENOXACIN,Garenoxacin
TERCONAZOLE,PF-00344919
OSIMERTINIB MESYLATE,PF-06719696
DIACEREIN,PF-00345802
"GRISEOFULVIN, MICROCRYSTALLINE",NA
ASPARAGINASE ERWINIA CHRYSANTHEMI,NA
METHAMPHETAMINE HYDROCHLORIDE,PF-00345381
TERLIPRESSIN,PF-05166436
THYROTROPIN ALFA,Thyrotropin Alfa
MYCOPHENOLIC ACID,PF-01322543
GALSULFASE,Galsulfase
ERLOTINIB HYDROCHLORIDE,PF-01527112
SILODOSIN,PF-06780708
FROVATRIPTAN SUCCINATE,PF-06731050
"NITROPRUSSIDE, SODIUM",NA
MECLOFENAMATE SODIUM,PF-00344723
CLOMIPRAMINE HYDROCHLORIDE,PF-00344569
RABIES IMMUNE GLOBULIN,NA
PALIFERMIN,Palifermin
SUVOREXANT,NA
DRONABINOL,PF-05205049
MOMETASONE FUROATE MONOHYDRATE,NA
FREMANEZUMAB,NA
VEMURAFENIB,NA
DINOPROSTONE,PF-00345501
NALIDIXIC ACID,PF-00344729
VINFLUNINE DITARTRATE,NA
TYPHOID VACCINE LIVE,NA
MIPOMERSEN SODIUM,NA
BCG LIVE,NA
ENALAPRILAT,PF-00345125
ZALEPLON,PF-00346564
CLONIDINE,PF-00344866
"ROTAVIRUS VACCINE, LIVE, ORAL",NA
HISTRELIN ACETATE,EXT-0027162364
ECHOTHIOPHATE IODIDE,NA
MACIMORELIN ACETATE,NA
PHENIRAMINE MALEATE,NA
CIDOFOVIR,PF-00564644
SECUKINUMAB,NA
RASBURICASE,Rasburicase
"ADENOVIRUS TYPE 4 AND TYPE 7 VACCINE, LIVE, ORAL",NA
IRON DEXTRAN,Iron Dextran
PENTAGASTRIN,PF-02885500
PIRBUTEROL ACETATE,NA
SITAMAQUINE,NA
OXYCODONE,PF-06412527
"UREA, C-13",NA
YELLOW FEVER VACCINE,Yellow Fever Vaccine
EDARAVONE,PF-03954399
PYRANTEL,PF-00345838
DORNASE ALFA,Dornase Alfa
TRANILAST,PF-00192445
NALMEFENE HYDROCHLORIDE,EXT-0029767843
TIAPROST,NA
ROKITAMYCIN,Rokitamycin
HEPATITIS A VACCINE,NA
METHYL TERT-BUTYL ETHER,NA
RIFAPENTINE,PF-00579924
HYCANTHONE,PF-00345814
DIGOXIN,PF-06286797
DILTIAZEM MALATE,NA
CITALOPRAM HYDROBROMIDE,NA
ENZALUTAMIDE,PF-04998299
EDROPHONIUM CHLORIDE,NA
HALOPERIDOL DECANOATE,PF-06436142
CHLOROQUINE PHOSPHATE,PF-00345351
RABIES VACCINE,NA
DOLASETRON MESYLATE,PF-02433972
DIAZEPAM,PF-00345121
GEMEPROST,PF-02895435
FLUFENAMIC ACID,PF-00345726
LOMEFLOXACIN HYDROCHLORIDE,PF-00345518
NITROFURANTOIN SODIUM,NA
GLUCAGON RECOMBINANT,PF-06414445
BITHIONOL,NA
ALPELISIB,PF-06676207
ADO-TRASTUZUMAB EMTANSINE,NA
MEPHOBARBITAL,NA
MEFLOQUINE HYDROCHLORIDE,NA
LEVAMISOLE HYDROCHLORIDE,NA
ABIRATERONE ACETATE,NA
MOXIDECTIN,MOXIDECTIN
ENCORAFENIB,NA
CALCIUM 4-BENZAMIDOSALICYLATE,NA
NOCLOPROST,NA
PERFLUTREN,RS-014740
EMAPALUMAB,NA
RIFABUTIN,PF-00345095
MANGAFODIPIR TRISODIUM,NA
GADOTERATE MEGLUMINE,NA
PENCICLOVIR SODIUM,NA
CEFDITOREN PIVOXIL,PF-06700543
TETRACHLOROETHYLENE,NA
IMIPRAMINE HYDROCHLORIDE,PF-00344560
GLICLAZIDE,PF-02591615
RAVULIZUMAB,NA
VESTRONIDASE ALFA,NA
IPODATE SODIUM,NA
TIGECYCLINE,Tigecycline
BRETYLIUM TOSYLATE,NA
BCG VACCINE,NA
SULFISOXAZOLE,PF-00345088
THIABENDAZOLE,PF-00344755
PEGINTERFERON ALFA-2A,peginterferon alfa-2a
CARBENICILLIN INDANYL SODIUM,NA
EFALIZUMAB,Efalizumab
CARBIMAZOLE,PF-00346517
MITOTANE,PF-00344808
GLIMEPIRIDE,PF-00345553
RETAPAMULIN,PF-04073827
ARFORMOTEROL TARTRATE,NA
CLOMETACIN,EXT-0013006769
ARTESUNATE,PF-02433988
AFATINIB DIMALEATE,NA
ORITAVANCIN DIPHOSPHATE,NA
SPARFLOXACIN,PF-00345565
OXAMNIQUINE,PF-00344645
TRAZODONE HYDROCHLORIDE,PF-00344595
MELPHALAN HYDROCHLORIDE,NA
SULFAMETHOXAZOLE,PF-00344588
LIDOCAINE,PF-00344797
NABUMETONE,PF-00345742
ERYTHROMYCIN GLUCEPTATE,NA
DEXTRIFERRON,Dextriferron
ANISINDIONE,PF-00345542
FINGOLIMOD HYDROCHLORIDE,PF-01945559
PROPOXYPHENE NAPSYLATE,NA
"NITROFURANTOIN, MACROCRYSTALLINE",NA
"HERPES SIMPLEX VIRUS-THYMIDINE KINASE GENE, ADENOVIRUS-MEDIATED",NA
GLUCARPIDASE,Glucarpidase
TRIPTORELIN PAMOATE,EXT-0029767282
NALBUPHINE HYDROCHLORIDE,NA
"CALCITONIN, SALMON (RECOMBINANT)",NA
EXEMESTANE,PF-00835121
INTERFERON ALFACON-1,interferon alfacon-1
DINOPROST TROMETHAMINE,NA
NESIRITIDE,PHA-00563246
AMBENONIUM CHLORIDE,PF-00346332
CICAPROST,NA
ZANAMIVIR,PF-00346608
PYRVINIUM PAMOATE,NA
GADOVERSETAMIDE,Gadoversetamide
ELAGOLIX SODIUM,NA
EDETATE CALCIUM DISODIUM,NA
DITHIAZANINE IODIDE,NA
CYCLOFENIL,PF-01426603
DIPHTHERIA AND TETANUS TOXOIDS TWO-COMPONENT VACCINE (HEXYON),NA
BENZPHETAMINE HYDROCHLORIDE,NA
ACALABRUTINIB,NA
ELOTUZUMAB,NA
AMINOLEVULINIC ACID HYDROCHLORIDE,PF-00345484
OLANZAPINE PAMOATE,NA
MIDECAMYCIN,Midecamycin
FLUTICASONE FUROATE,NA
GADODIAMIDE,Gadodiamide
TRECOVIRSEN,NA
DENILEUKIN DIFTITOX,Denileukin Diftitox
FLUPROSTENOL,NA
VALPROIC ACID,PF-00345161
EDOXABAN TOSYLATE,NA
NA,PF-04592597
NALOXONE HYDROCHLORIDE,NA
"CALCITONIN, SALMON",NA
ILOPROST,PF-06889201
TOLBUTAMIDE,PF-00344663
IOPAMIDOL,PF-00345126
PNEUMOCOCCAL 10-VALENT CONJUGATE VACCINE,NA
SAXAGLIPTIN HYDROCHLORIDE,PF-06780604
BUPIVACAINE,PF-07053729
PRALATREXATE,PF-06780712
ALBUTEROL SULFATE,Albuterol Sulfate
HALOPERIDOL,PF-00344555
DESFLURANE,PNU-0250980
SOMATREM,Somatrem
SORBITOL,PF-06299132
"SMALLPOX (VACCINIA) VACCINE, LIVE",NA
SELEGILINE HYDROCHLORIDE,PF-00344653
DIFLUNISAL,PF-00345032
DUVELISIB,NA
IDURSULFASE,Idursulfase
SACROSIDASE,Sacrosidase
DESIPRAMINE HYDROCHLORIDE,PF-00344781
BEPHENIUM,Bephenium
BUTOCONAZOLE NITRATE,NA
IOTROLAN,NA
LEVOMETHADYL ACETATE HYDROCHLORIDE,PF-00345371
THIOTHIXENE,PF-00344665
PROBUCOL,PF-00344825
MICONAZOLE,PF-00345061
INSULIN GLULISINE,Insulin Glulisine
PEGAPTANIB SODIUM,NA
DARIFENACIN HYDROBROMIDE,PF-02586636
SARGRAMOSTIM,Sargramostim
CIBENZOLINE,PF-00596723
PYRIDOSTIGMINE BROMIDE,PF-00345080
TERIPARATIDE (RDNA ORIGIN),NA
TYPHOID VI POLYSACCHARIDE VACCINE,NA
ROMIDEPSIN,Romidepsin
BIMATOPROST,PF-04440335
GLIBORNURIDE,Glibornuride
TAMOXIFEN CITRATE,PF-00344590
VENETOCLAX,NA
MESORIDAZINE BESYLATE,PF-00344897
LARONIDASE,Laronidase
ZIPRASIDONE MESYLATE,NA
NONACOG BETA PEGOL,NA
ALMOTRIPTAN MALATE,PF-01221537
SODIUM NITRITE,Sodium Nitrite
"GRISEOFULVIN, ULTRAMICROCRYSTALLINE",NA
TAFENOQUINE SUCCINATE,NA
AMINOCAPROIC ACID,PF-00345020
AMINOSALICYLIC ACID RESIN COMPLEX,PF-00344682
CD34+ CELLS ENCODING BETA A-T87Q-GLOBIN GENE,NA
CARGLUMIC ACID,NA
CEFOTETAN DISODIUM,NA
METHALLENESTRIL,NA
ETHIODIZED OIL,Ethiodized Oil
CLOPROSTENOL,NA
SULINDAC,PF-00344830
DEOXYCHOLIC ACID,NA
CLOTIAPINE,PF-02433977
OLMESARTAN MEDOXOMIL,NA
LIMAPROST,NA
OXYTOCIN,PF-01309947
CALCITRIOL,PF-06220973
PROCHLORPERAZINE MALEATE,PF-00344646
IODAMIDE MEGLUMINE,NA
GANIRELIX ACETATE,PF-06852502
FELYPRESSIN,NA
LOXAPINE HYDROCHLORIDE,NA
NABILONE,PF-04440702
RAPACURONIUM BROMIDE,NA
TAFLUPROST,Tafluprost
KELIXIMAB,NA
REMACEMIDE,NA
PARECOXIB,PF-02400223
DIHYDROTACHYSTEROL,Dihydrotachysterol
HYALURONIDASE,Hyaluronidase
ROXITHROMYCIN,PF-00346463
QUINIDINE POLYGALACTURONATE,NA
TRIMIPRAMINE MALEATE,PF-00345526
BUPROPION HYDROBROMIDE,NA
CHLORPROPAMIDE,PF-00345025
MEPOLIZUMAB,NA
SOTAGLIFLOZIN,NA
SODIUM STIBOGLUCONATE,Sodium Stibogluconate
ANISTREPLASE,Anistreplase
CLOFAZIMINE,PF-01014318
PERTUZUMAB,Pertuzumab
QUAZEPAM,PF-00345447
OLARATUMAB,NA
PROSTALENE,NA
IMIPRAMINE PAMOATE,NA
QUINAPRIL HYDROCHLORIDE,PF-00345406
ACECAINIDE,NA
FLUVOXAMINE MALEATE,PF-00346380
PROCHLORPERAZINE EDISYLATE,NA
CORTICORELIN OVINE TRIFLUTATE,EXT-0018409708
DRONEDARONE,PF-05331353
MEGLUMINE ANTIMONATE,NA
IPODATE CALCIUM,NA
PYRILAMINE MALEATE,NA
VALBENAZINE TOSYLATE,NA
METRONIDAZOLE HYDROCHLORIDE,NA
SATRAPLATIN,PF-01364486
AUROTHIOGLUCOSE,PF-00344684
TROGLITAZONE,PF-00579898
BENOXAPROFEN,PF-06286719
IMMUNE GLOBULIN SUBCUTANEOUS (HUMAN),NA
URIDINE TRIACETATE,NA
DICHLOROPHENE,NA
FINASTERIDE,PF-00346437
CALCIPOTRIENE,NA
EMICIZUMAB,NA
COSYNTROPIN,PF-06852498
TRIPLATIN TETRANITRATE,NA
MIANSERIN,PF-00345740
IOTHALAMATE MEGLUMINE,NA
DAUNORUBICIN CITRATE,NA
IDARUCIZUMAB,NA
DIPHTHERIA TETANUS TOXOIDS,NA
METHOXYTACRINE,NA
METENEPROST,NA
DAPSONE,PF-00344702
NIFURTIMOX,PF-00596720
AMPHOTERICIN B LIPID COMPLEX,NA
GOLD SODIUM THIOMALATE,PF-00346094
DIHYDROARTEMISININ,NA
RESPIRATORY SYNCYTIAL VIRUS IMMUNE GLOBULIN,NA
LEFAMULIN ACETATE,NA
PROCHLORPERAZINE,PF-00344646
LEVODOPA,PF-00344566
HEXACHLOROPHENE,PF-00344718
ARTEMOTIL,NA
SULPROSTONE,PF-02434006
TEZOSENTAN,NA
LOXAPINE SUCCINATE,PF-00345001
NEOSTIGMINE BROMIDE,NA
PENTAZOCINE LACTATE,NA
ORNOPROSTIL,PF-02537120
TAZAROTENE,PF-00345568
RIMANTADINE HYDROCHLORIDE,PF-00579919
ETRETINATE,PF-01450218
PINACIDIL,PF-00345072
LEVALBUTEROL TARTRATE,NA
METHYLERGONOVINE MALEATE,PF-00345295
POTASSIUM AMINOSALICYLATE,NA
EFMOROCTOCOG ALFA,NA
TRIMEPRAZINE TARTRATE,PF-00344840
METHSUXIMIDE,PF-00344803
PAROMOMYCIN SULFATE,NA
BENTIROMIDE,NA
IOTHALAMATE SODIUM,EXT-0029382411
DESVENLAFAXINE FUMARATE,NA
CARBON DIOXIDE,PF-05191831
ORNIPRESSIN,NA
SALSALATE,PF-00345319
DEMECARIUM BROMIDE,NA
IBALIZUMAB,NA
"ZOSTER VACCINE RECOMBINANT, ADJUVANTED",NA
PHYSOSTIGMINE SALICYLATE,NA
ALFAPROSTOL,NA
IOMEPROL,Iomeprol
CARBOPROST TROMETHAMINE,EXT-0027390716
ITURELIX,NA
VIPROSTOL,NA
FLUPHENAZINE DECANOATE,NA
MEXIPROSTIL,NA
FLUPHENAZINE ENANTHATE,NA
MUROMONAB-CD3,Muromonab-Cd3
PIZOTIFEN,PF-01455257
HISTAMINE PHOSPHATE,NA
TOLBUTAMIDE SODIUM,NA
SULFACYTINE,PF-05610119
DEXRAZOXANE HYDROCHLORIDE,NA
DYDROGESTERONE,PF-00345223
INTERLEUKIN-1,Interleukin-1
PODOPHYLLUM RESIN,NA
ENISOPROST,NA
PERPHENAZINE,PF-00345141
GLIQUIDONE,PF-01157394
CHENODIOL,PF-00345498
PARA-AMINOSALICYLIC SODIUM,NA
PEXIDARTINIB HYDROCHLORIDE,NA
MAPROTILINE HYDROCHLORIDE,NA
VASOPRESSIN TANNATE,NA
TINZAPARIN SODIUM,NA
DANAPAROID SODIUM,NA
ANTITHROMBIN ALFA,NA
TESTOSTERONE ENANTHATE,NA
BIVALIRUDIN,PF-06405125
LEVAMLODIPINE MALEATE,NA
DESIRUDIN,Desirudin
GOLODIRSEN,NA
IXEKIZUMAB,NA
NETARSUDIL DIMESYLATE,NA
DEXAMFETAMINE,Dexamfetamine
ARBAPROSTIL,NA
GLISOXEPIDE,PF-01287950
IOBITRIDOL,Iobitridol
FLOXURIDINE,PF-00344787
LUPROSTIOL,NA
ROSAPROSTOL,NA
IODIXANOL,Iodixanol
DORZOLAMIDE HYDROCHLORIDE,NA
DIATRIZOATE SODIUM,NA
RIOPROSTIL,NA
CALCIUM AMINOSALICYLATE,NA
NORTRIPTYLINE HYDROCHLORIDE,PF-00344733
PROTRIPTYLINE HYDROCHLORIDE,PF-00344827
CHYMOPAPAIN,Chymopapain
ALPROSTADIL,PF-00345022
BAZEDOXIFENE ACETATE,PF-05208749
IOXITALAMATE,Ioxitalamate
PNEUMOCOCCAL 7-VALENT CONJUGATE VACCINE,NA
PIRAZOLAC,NA
PROPOXYPHENE HYDROCHLORIDE,NA
ALSEROXYLON,Alseroxylon
HYDROXYCHLOROQUINE SULFATE,PF-00344886
SATUMOMAB PENDETIDE,NA
GUAR GUM,Guar Gum
ROPIVACAINE HYDROCHLORIDE MONOHYDRATE,NA
CARBUTAMIDE,PF-00346224
INSULIN DEGLUDEC,NA
CIPROSTENE,NA
TEMAFLOXACIN,CP-087484
TRIMETREXATE GLUCURONATE,NA
NICLOFOLAN,NA
PROCAINAMIDE HYDROCHLORIDE,PF-00344576
MEPTAZINOL,PF-02400199
PENTAMIDINE ISETHIONATE,NA
FOMIVIRSEN SODIUM,NA
TRIMOPROSTIL,NA
SELENIOUS ACID,NA
SATAVAPTAN,NA
FENPROSTALENE,NA
TIRILAZAD MESYLATE,NA
IDEBENONE,PF-01456452
POOLED PLASMA (HUMAN),NA
HEXAMETHONIUM CHLORIDE,NA
METHOHEXITAL SODIUM,NA
CLOPIDOGREL BISULFATE,PF-00321567
CEMIPLIMAB,NA
DICLOFENAC EPOLAMINE,NA
GLASDEGIB,PF-04449913
TOCOFERSOLAN,NA
RASAGILINE TARTRATE,NA
DIROXIMEL FUMARATE,NA
LUSPATERCEPT,NA
CLOPIDOGREL HYDROCHLORIDE,NA
PATISIRAN SODIUM,NA
VOXELOTOR,PF-06759497
AIR POLYMER-TYPE A,NA
CLOPIDOGREL BESILATE,NA
TAFAMIDIS,NA
INDOCYANINE GREEN,Indocyanine Green
CEFIDEROCOL SULFATE TOSYLATE,NA
TAFAMIDIS MEGLUMINE,PF-06291826
MODIFIED VACCINIA ANKARA - BAVARIAN NORDIC (MVA-BN) VIRUS,NA
CENOBAMATE,NA
DEFIBROTIDE SODIUM,NA
IOPANOIC ACID,PF-02433985
DIMERCAPROL,PF-00345715
HUMAN COAGULATION FACTOR X,NA
BERAPROST,PF-06362415
BECLOMETHASONE DIPROPIONATE MONOHYDRATE,NA
ACECLOFENAC,PF-00346571
RUXOLITINIB PHOSPHATE,PF-05079996
PRETOMANID,NA
DACOMITINIB,PF-00299804
CLEMASTINE FUMARATE,PF-00344977
CALASPARGASE PEGOL,NA
NIRIDAZOLE,PF-01003996
"INTERFERON GAMMA-1B, RECOMBINANT",NA
CLENOLIXIMAB,NA
EPRODISATE DISODIUM,NA
NELARABINE,PF-06700525
CYCLOBENZAPRINE HYDROCHLORIDE,PF-00344868
CLOPIDOGREL HYDROBROMIDE,NA
NITROGLYCERIN,PF-01036827
AMLODIPINE BESYLATE,PF-00579887
ALTEPLASE,Alteplase
RETEPLASE,Reteplase
NICORANDIL,PF-01625478
EPTIFIBATIDE,PF-06731044
ARBUTAMINE HYDROCHLORIDE,NA
LOVASTATIN,PF-00345293
MIBEFRADIL,PF-06562296
EPLERENONE,PF-02845980
DIOXYLINE PHOSPHATE,NA
TECHNETIUM TC-99M SESTAMIBI KIT,Technetium Tc-99m Sestamibi Kit
DOFETILIDE,PF-00345691
AMANTADINE HYDROCHLORIDE,NA
AMLODIPINE BENZOATE,NA
ISOSORBIDE DINITRATE,PF-00344720
UROKINASE,Urokinase
REVEFENACIN,NA
STREPTOKINASE,Streptokinase
TIROFIBAN HYDROCHLORIDE,NA
TENECTEPLASE,Tenecteplase
IPRINDOLE,NA
ERGONOVINE MALEATE,NA
ERGOTAMINE TARTRATE,PF-00344883
METHYLERGOTAMINE,NA
RESLIZUMAB,NA
HALOBETASOL PROPIONATE,NA
ADEMETIONINE,GI-503374
RILMENIDINE,PF-01888931
LOXOPROFEN,PF-00579939
PEMOLINE,PF-00346578
OXTRIPHYLLINE,NA
MIZOLASTINE,PF-06785696
NITRENDIPINE,PF-00345675
PHENOBARBITAL,PF-00345400
MANIDIPINE,Manidipine
CARBINOXAMINE MALEATE,NA
DROXICAM,PF-01715803
DOXYLAMINE SUCCINATE,PF-00344984
LEVOCETIRIZINE,PF-04087759
DIPHENYLPYRALINE HYDROCHLORIDE,PF-00344879
TESTOSTERONE UNDECANOATE,NA
FLOCTAFENINE,CL-4203260
DIMENHYDRINATE,CL-30781
ALCLOFENAC,PF-01432975
PHENYLEPHRINE HYDROCHLORIDE,PF-00345071
CODEINE PHOSPHATE,NA
CINNOXICAM,NA
THIAMINE HYDROCHLORIDE,NA
OXICONAZOLE NITRATE,NA
NAFTAZONE,Naftazone
DEXINDOPROFEN,NA
AMISULPRIDE,PF-00346477
GADOBUTROL,Gadobutrol
PYRITINOL,NA
SITAXENTAN SODIUM,NA
MOFEBUTAZONE,NA
BREMELANOTIDE ACETATE,NA
VORETIGENE NEPARVOVEC,NA
NORASTEMIZOLE,NA
DEXBROMPHENIRAMINE MALEATE,PF-00345213
INDOPROFEN,PF-00345733
UMECLIDINIUM BROMIDE,NA
METHAPYRILENE HYDROCHLORIDE,NA
TROPESIN,NA
ALECTINIB HYDROCHLORIDE,PF-06452816
BUCLOXIC ACID,NA
PIPOBROMAN,PF-00345559
MEQUITAZINE,PF-06286789
PROGLUMETACIN,NA
BUTORPHANOL TARTRATE,NA
CYSTEAMINE HYDROCHLORIDE,NA
SULTIAME,PF-01509436
DIHYDROCODEINE,PF-00345362
OXATOMIDE,PF-00346247
CYCLIZINE LACTATE,NA
ZIDOMETACIN,NA
BROMPHENIRAMINE MALEATE,NA
ANTRAFENINE,NA
TIAPROFENIC ACID,PF-00346480
PHENYTOIN,PF-00344577
THIAZINAMIUM METILSULFATE,NA
CINMETACIN,NA
AMLODIPINE MALEATE,NA
PROMETHAZINE HYDROCHLORIDE,PF-00344580
PENICILLIN V POTASSIUM,PF-02451794
ICOSAPENT ETHYL,RS-350179
PHENINDAMINE TARTRATE,NA
OXAMETACIN,NA
PROXYPHYLLINE,PF-00346531
ACRIVASTINE,PF-01049535
HUMAN HEPATITIS B IMMUNOGLOBULIN,NA
MEBHYDROLIN,NA
NIFLUMIC ACID,PF-00345743
TALNIFLUMATE,PF-05166432
OXYPHENBUTAZONE,PF-00345019
PYRAZINOBUTAZONE,NA
DEXCHLORPHENIRAMINE MALEATE,NA
PHENYTOIN SODIUM,NA
BUMADIZONE,NA
LONAZOLAC,NA
CHLORPHENIRAMINE MALEATE,PF-00344535
EMEDASTINE DIFUMARATE,NA
BUTIBUFEN,NA
TIMEGADINE,NA
THIAZINAMIUM,NA
FENTIAZAC,NA
TASONERMIN,NA
FLUNARIZINE,PF-00249318
TOLFENAMIC ACID,PF-00346473
PROPYLIODONE,PF-01005855
PIPEBUZONE,NA
FELBINAC,PF-01364654
CLOBUZARIT,NA
TRIMETHAZONE,NA
BUFEXAMAC,PF-00346515
EBASTINE,PF-00346636
GLAFENINE,PF-04339873
SULFINPYRAZONE,PF-00345087
KEBUZONE,NA
BENAZEPRIL HYDROCHLORIDE,PF-00579889
PANZYTRAT,NA
PIRPROXEN,NA
HYDROXYZINE PAMOATE,NA
BENZYLPENICILLIN,PF-00345307
AZAPROPAZONE,PF-02400181
FEPRAZONE,PF-01703472
FENCLOFENAC,NA
PRIMIDONE,PF-00345079
DIPHENPYRAMIDE,NA
PIRPROFEN,CP-073062
BRODALUMAB,NA
TERGURIDE,PF-00345455
BEPOTASTINE BESILATE,NA
FENBUFEN,PF-00345721
ETOFENAMATE,PF-00346432
BARNIDIPINE,Barnidipine
IBUPROXAM,NA
LYMPHOCYTE IMMUNE GLOBULIN N,NA
ACEMETACIN,PF-00345694
KETOTIFEN FUMARATE,NA
HYDROXYZINE HYDROCHLORIDE,PF-00345246
NEFOPAM,PF-00346214
POTASSIUM ACID PHOSPHATE,NA
ELAPEGADEMASE,NA
PRANOPROFEN,PF-06286788
ROMAZARIT,NA
LIFITEGRAST,NA
DIPHENHYDRAMINE HYDROCHLORIDE,PF-00344546
NECITUMUMAB,Necitumumab
GLUCAMETACIN,NA
FENOTEROL,PF-00345722
SUXIBUZONE,NA
FLUNOXAPROFEN,NA
PROQUAZONE,NA
LERCANIDIPINE,Lercanidipine
LETOSTEINE,NA
CINNARIZINE,PF-00345711
TRIENTINE TETRAHYDROCHLORIDE,NA
DEXTROMETHORPHAN POLISTIREX,PF-02450388
CHOLINE MAGNESIUM TRISALICYLATE,NA
PHENINDIONE,PF-00344741
DYPHYLLINE,PF-00344785
PRENYLAMINE,PF-00346042
LIDOFLAZINE,NA
VORAPAXAR SULFATE,NA
AMINOPHYLLINE,CL-4106034
ERGOLOID MESYLATES,NA
HEMOPURE,NA
ACETIC ACID,PF-01386832
IODIPAMIDE MEGLUMINE,EXT-0029767235
PROPOFOL,PF-00345540
CAPLACIZUMAB,NA
ANGIOTENSIN II,NA
ALCOHOL,NA
INSULIN SUSP PROTAMINE ZINC PURIFIED PORK,NA
CHLORDIAZEPOXIDE HYDROCHLORIDE,NA
MANGANESE SULFATE,NA
AMINOPYRINE,PF-01048302
NITRAZEPAM,PF-00346493
INSULIN DEFALAN,NA
PEGINESATIDE ACETATE,NA
ARGININE HYDROCHLORIDE,NA
CUPRIC SULFATE,NA
FLUNITRAZEPAM,PF-00346492
PILOCARPINE,PF-00345028
POLIDOCANOL,PF-06122982
MIDAZOLAM,PF-00346487
SPINOSAD,NA
MALATHION,PF-06264010
MONOSODIUM L-GLUTAMATE,NA
FORMALDEHYDE,PF-01390372
KETAMINE HYDROCHLORIDE,NA
TRIAZOLAM,PF-00345457
PIRACETAM,PF-00345831
CONORFONE,NA
HEXAMINOLEVULINATE HYDROCHLORIDE,NA
ZOPICLONE,PF-05182193
OLODATEROL HYDROCHLORIDE,NA
L-TRYPTOPHAN,PF-00930052
APOMORPHINE HYDROCHLORIDE,NA
LORAZEPAM,PF-00345101
SODIUM CARBOXYMETHYLCELLULOSE,NA
OCRIPLASMIN,NA
SECOBARBITAL SODIUM,PF-00344651
MANGANESE,PF-05612327
OPIUM ALKALOIDS,NA
IODINE,PF-00599069
COMPOUND INSULIN ZINC SUSPENSION (LENTE),NA
CEFTOBIPROLE MEDOCARIL,NA
ESTRADIOL HEMIHYDRATE,NA
PENTOBARBITAL,PF-00345444
METHIMAZOLE,PF-00344638
BIOTIN,PF-02020151
EPINEPHRINE,PF-00344986
LORMETAZEPAM,PF-00579969
INSULIN ZINC SUSPENSION (CRYSTALLINE) (ULTRALENTE),NA
OXAZEPAM,PF-00345393
GLOBIN ZINC INSULIN SUSPENSION,NA
TESTOSTERONE PROPIONATE,NA
THIOPENTAL SODIUM,NA
METAMIZOLE,Metamizole Sodium
PYRITHIONE ZINC,Pyrithione Zinc
SERTINDOLE,PF-00345467
YOHIMBINE HYDROCHLORIDE,NA
SODIUM LACTATE,PF-04273520
DIPHENCYPRONE,NA
BROTIZOLAM,PF-01451762
VITAMIN A PALMITATE,NA
INSULIN SUSP PROTAMINE ZINC PURIFIED BEEF,NA
BENZYL ALCOHOL,PF-01003720
METOCLOPRAMIDE HYDROCHLORIDE,PF-00345007
ZINC CHLORIDE,PF-01386874
CUPRIC CHLORIDE,PF-01491796
URETHANE,NA
DOPAMINE HYDROCHLORIDE,NA
DEXTROTHYROXINE SODIUM,PF-02592014
PENTETRAZOL,PF-01091502
PENTOBARBITAL SODIUM,NA
BENTAZEPAM,NA
POTASSIUM ACETATE,PF-01386832
ABECARNIL,NA
MEXAZOLAM,Mexazolam
PHENAZOCINE,NA
TASIMELTEON,NA
"INTERFERON ALFA, LYMPHOBLASTOID",NA
CALCIUM GLUCONATE,PF-01465890
LOPRAZOLAM,PF-04087776
AMITRIPTYLINE HYDROCHLORIDE,PF-00296683
DOPEXAMINE,Dopexamine
TROPICAMIDE,PF-00345158
BROMHEXINE,PF-00345706
ANESTHETIC ETHER,NA
RESERPINE,PF-00344585
MECAMYLAMINE HYDROCHLORIDE,NA
PENTAMORPHONE,NA
INSULIN ZINC SUSPENSION (AMORPHOUS) (SEMILENTE),NA
ASCORBIC ACID,Vitamin C
HALOTHANE,PF-05225247
CHLORAMPHENICOL,PF-00344536
FLUMAZENIL,PF-00345804
BROMAZEPAM,PF-00346489
DISULFIRAM,PF-00345037
INSULIN SUSP PROTAMINE ZINC BEEF/PORK,NA
DIBUCAINE HYDROCHLORIDE,NA
BETAXOLOL HYDROCHLORIDE,PF-00345343
SEVOFLURANE,PF-05013026
BALOXAVIR MARBOXIL,NA
MEPERIDINE HYDROCHLORIDE,PF-00345376
EDETATE DISODIUM,PF-00346426
NANDROLONE DECANOATE,PF-02400196
WARFARIN POTASSIUM,NA
MENADIONE SODIUM BISULFITE,NA
"STRONTIUM CHLORIDE, SR-89",NA
OXANDROLONE,PF-00346500
FLUOXYMESTERONE,PF-00346547
MENADIONE,NA
TESTOSTERONE CYPIONATE,NA
CERTOPARIN,Certoparin
EPOETIN THETA,NA
ISONIAZID,PF-00344562
OXYMETHOLONE,PF-00346551
STANOZOLOL,PF-00346459
DIPHENADIONE,NA
DESVENLAFAXINE,PF-05212375
METILDIGOXIN,Metildigoxin
GITOFORMATE,NA
OUABAIN,NA
PHENSUXIMIDE,PF-00344821
DIMETACRINE,NA
PRAZEPAM,PF-00345441
GITOXIN,NA
METHYPRYLON,PF-05237362
BUTRIPTYLINE,PF-06436539
NOXIPTILINE,NA
LANATOSIDE C,Lanatoside C
THIETHYLPERAZINE MALEATE,PF-00345325
DOSULEPIN,PF-01691108
PERUVOSIDE,NA
IMIPRAMINE OXIDE,NA
DIGOXIN IMMUNE FAB (OVINE),NA
LOFEPRAMINE,PF-02400195
LEMBOREXANT,NA
PROSCILLARIDIN,NA
LASMIDITAN SUCCINATE,NA
ACETYLDIGOXIN,Acetyldigoxin
MELITRACEN,PF-01446358
DIBENZEPIN,PF-00346356
RESCINNAMINE,PF-00579918
NISOLDIPINE,PF-00345689
CAPSAICIN,PF-00345345
OZENOXACIN,NA
RUBOXISTAURIN,NA
"MENINGITIS C AND Y, HAEMOPHILUS B TETANUS TOXOID VACCINE",NA
TELAPREVIR,PF-03436659
DESONIDE,PF-00327845
PANTOSTATIN,NA
ARDEPARIN SODIUM,NA
INULIN,Inulin
AZILSARTAN KAMEDOXOMIL,NA
DAPIPRAZOLE HYDROCHLORIDE,NA
SOYBEAN OIL,NA
BESIFLOXACIN HYDROCHLORIDE,NA
LEVOBETAXOLOL HYDROCHLORIDE,NA
HYDROXYPROPYL CELLULOSE,NA
FLUOCINOLONE ACETONIDE,PF-00327546
VIDARABINE,PF-00345482
BALANCED SALT SOLUTION,NA
EPINASTINE HYDROCHLORIDE,NA
ALCAFTADINE,NA
CENEGERMIN,NA
PEMIROLAST POTASSIUM,NA
LATANOPROSTENE BUNOD,NA
BROLUCIZUMAB,NA
ENASIDENIB MESYLATE,NA
TAVABOROLE,NA
ANTHRAX VACCINE ADSORBED,NA
HYDROXYPROGESTERONE CAPROATE,PF-00345509
GONADORELIN ACETATE,NA
PLAZOMICIN SULFATE,NA
CEFPIRAMIDE SODIUM,NA
AMINOGLUTETHIMIDE,PF-00344926
ALCLOMETASONE DIPROPIONATE,NA
AMMONIUM TETRATHIOMOLYBDATE,NA
OBLIMERSEN SODIUM,NA
OXYMETAZOLINE HYDROCHLORIDE,NA
LANADELUMAB,NA
SODIUM PRASTERONE SULFATE,NA
DALBAVANCIN,NA
ERGOCALCIFEROL,PF-00345506
NORETHINDRONE,PF-00344575
UBROGEPANT,NA
AMODIAQUINE HYDROCHLORIDE,PF-00344846
HUMAN COAGULATION FACTOR VII (ACTIVATED),NA
PEGINTERFERON BETA-1A,NA
ALFADOLONE,RS-292324
ETOMIDATE,PF-02537525
THIAMYLAL SODIUM,NA
PROPANIDID,NA
ALFAXOLONE,NA
CHLOROFORM,PF-01386861
NAFTIFINE HYDROCHLORIDE,NA
CYCLOPROPANE,PF-04601220
NITROUS OXIDE,PF-05602992
METHOXYFLURANE,PF-01505190
DASABUVIR SODIUM,NA
"XENON, XE-127",NA
XENON XE 133 GAS,NA
ENFLURANE,PF-06786702
ECONAZOLE NITRATE,NA
APIXABAN,PF-04652577
DOXERCALCIFEROL,PF-06852501
"TALC POWDER, STERILE",NA
DROTRECOGIN ALFA,NA
"WATER FOR INJECTION, STERILE",NA
ALEFACEPT,Alefacept
ABETIMUS SODIUM,NA
PLAGUE VACCINE,Plague Vaccine
MUMPS SKIN TEST ANTIGEN,NA
LEPIRUDIN (RDNA),NA
GUSELKUMAB,NA
LINCOMYCIN HYDROCHLORIDE,PF-00345052
ACETAZOLAMIDE SODIUM,NA
ACETAZOLAMIDE,PF-00344598
METHOXSALEN,PF-00345384
5-METHOXYPSORALEN,NA
LIDOCAINE HYDROCHLORIDE,PF-00344797
IBUTILIDE FUMARATE,NA
TETRACAINE HYDROCHLORIDE,NA
TETRAETHYLAMMONIUM CHLORIDE,NA
HEXYLCAINE HYDROCHLORIDE,NA
TETANUS TOXOID,Tetanus Toxoid
OXYPHENCYCLIMINE HYDROCHLORIDE,PF-00345531
MEPROBAMATE,PF-00345377
DICYCLOVERINE,PF-00344704
PROPIVERINE,PF-01045988
ADIPHENINE,PF-01185161
PIPERIDOLATE,NA
FLUOROMETHOLONE,PF-00345235
EMEPRONIUM BROMIDE,NA
VALETHAMATE BROMIDE,NA
PRALIDOXIME CHLORIDE,NA
OXYPHENONIUM BROMIDE,NA
PROCYCLIDINE HYDROCHLORIDE,PF-00344742
ISOPROPAMIDE IODIDE,PF-00345128
POLDINE,NA
BENZTROPINE MESYLATE,NA
GUANETHIDINE MONOSULFATE,PF-00344632
TRIHEXYPHENIDYL HYDROCHLORIDE,PF-00345090
ETYBENZATROPINE,NA
BOTULINUM TOXIN TYPE B,Botulinum Toxin Type B
METHANTHELINE BROMIDE,PF-00345292
AMINO ACIDS,Amino Acids
MEPIVACAINE HYDROCHLORIDE,NA
FERROUS SULFATE,Ferrous Sulfate
OXYTETRACYCLINE HYDROCHLORIDE,PF-00344906
APROTININ BOVINE,NA
PENTAZOCINE HYDROCHLORIDE,PF-00345098
TETRACYCLINE HYDROCHLORIDE,PF-00344662
SULFACHLORPYRIDAZINE,NA
SULFADIAZINE SODIUM,NA
SULFAMERAZINE,PF-00344831
SULFISOMIDINE,NA
DYCLONINE HYDROCHLORIDE,NA
PROCAINE HYDROCHLORIDE,NA
ETIDOCAINE HYDROCHLORIDE,NA
GLYCINE,PF-01002470
BUPIVACAINE HYDROCHLORIDE,NA
PHENFORMIN,PF-00344816
METHACYCLINE HYDROCHLORIDE,NA
METHAZOLAMIDE,PF-00344724
CHLOROPROCAINE HYDROCHLORIDE,NA
NITRIC OXIDE,RS-108065
PRILOCAINE HYDROCHLORIDE,NA
MAFENIDE ACETATE,NA
BECAPLERMIN,Becaplermin
BUTABARBITAL SODIUM,PF-00346548
BETAMETHASONE BENZOATE,NA
AZFICEL-T,NA
CICLOPIROX,PF-00344695
DIFLORASONE DIACETATE,NA
DROSPIRENONE,PF-06700211
GRANULOCYTE COLONY-STIMULATING FACTOR,NA
SULFACETAMIDE SODIUM,NA
MECLOCYCLINE SULFOSALICYLATE,NA
HALCINONIDE,PF-00345046
DROMOSTANOLONE PROPIONATE,NA
FLUOCINONIDE,PF-00344717
CALUSTERONE,PF-05234661
TRIFAROTENE,NA
AMCINONIDE,PF-00344685
PENTASTARCH,Pentastarch
PYRIDOXINE HYDROCHLORIDE,PF-00345081
SILVER NITRATE,CL-35652
HEMIN,Hemin
THROMBIN,Thrombin
TUROCTOCOG ALFA,NA
PORACTANT ALFA,Poractant Alfa
LEVOLEUCOVORIN CALCIUM,NA
IOBENGUANE SULFATE I 131,NA
SULCONAZOLE NITRATE,NA
INTERLEUKIN-4,Interleukin-4
SODIUM THIOSULFATE,PF-05191955
RILONACEPT,Rilonacept
TAGRAXOFUSP,NA
PRASUGREL HYDROCHLORIDE,EXT-0029768103
CYSTEINE HYDROCHLORIDE,NA
SINECATECHINS,Sinecatechins
CELLULOSE SODIUM PHOSPHATE,NA
IOXILAN,Ioxilan
GADOXETATE DISODIUM,NA
IODOTHIOURACIL,NA
METHYLTHIOURACIL,NA
GRANULOCYTE-MACROPHAGE COLONY-STIMULATING FACTOR,NA
TEICOPLANIN,EXT-0027112443
ALLOPURINOL SODIUM,NA
CO-TRIMOXAZOLE,NA
ALLOGENEIC T CELLS TRANSFECTED WITH HUMAN TRUNCATED LNGFR AND HSV-TK MUT2,NA
"RECOMBINANT HUMAN COAGULATION FACTOR IX, FC FUSION PROTEIN (RFIXFC)",NA
SUCCINYLCHOLINE CHLORIDE,NA
IODOXAMATE MEGLUMINE,NA
GENTAMICIN SULFATE,RS-330845
SULFAMETHOXYPYRIDAZINE,NA
NAFTIDROFURYL,Naftidrofuryl
HYALURONIDASE RECOMBINANT HUMAN,hyaluronidase recombinant human
SURAMIN,PF-01002749
TRIAMTERENE,PF-00344667
ETHANOLAMINE OLEATE,EXT-0027129937
ENFORTUMAB VEDOTIN,NA
TETRACYCLINE PHOSPHATE COMPLEX,Tetracycline Phosphate Complex
"SODIUM IODIDE, I-131",NA
RISANKIZUMAB,NA
LIOTHYRONINE SODIUM,PF-00344894
"DENGUE TETRAVALENT VACCINE (LIVE, ATTENUATED)",NA
MEBUTAMATE,CL-103868
MEPACRINE,PF-00344746
PHENYLPROPANOLAMINE,PF-02413635
EPITETRACYCLINE,NA
CHLORTETRACYCLINE HYDROCHLORIDE,NA
ALTRETAMINE,PF-00345017
TECHNETIUM TC-99M BICISATE KIT,Technetium Tc-99m Bicisate Kit
VARICELLA-ZOSTER LIVE VIRUS,NA
ROCURONIUM BROMIDE,NA
ATOSIBAN,PF-03886108
PROPYLHEXEDRINE,PF-04551781
BESILESOMAB,NA
EFUNGUMAB,NA
UPADACITINIB,NA
FLUBENDAZOLE,NA
ISOPROTERENOL HYDROCHLORIDE,NA
VILDAGLIPTIN,PF-06708372
SAMARIUM SM 153 LEXIDRONAM,NA
MECASERMIN RINFABATE RECOMBINANT,NA
DEZOCINE,PF-06171935
MIVACURIUM CHLORIDE,NA
GUSPERIMUS,Gusperimus
EPTOTERMIN ALFA,NA
TECHNETIUM TC-99M TILMANOCEPT,NA
NETILMICIN SULFATE,NA
METHYLANDROSTENEDIOL,NA
CETRORELIX,PF-06343558
DUTASTERIDE,PF-02768590
DETIRELIX,NA
PREDNISOLONE SODIUM SUCCINATE,NA
CALCIUM CHLORIDE,PF-01476458
PSEUDOEPHEDRINE HYDROCHLORIDE,NA
ABARELIX,Abarelix
INDECAINIDE HYDROCHLORIDE,NA
BENZQUINAMIDE HYDROCHLORIDE,NA
TECHNETIUM TC-99M MERTIATIDE KIT,Technetium Tc-99m Mertiatide Kit
RESORCINOL,PF-00219395
FLORBETABEN F-18,NA
EPOETIN ZETA,Epoetin Zeta
PEGADEMASE BOVINE,pegademase bovine
TANNIC ACID,PF-01466826
IBUPROFEN LYSINE,NA
TRIFLURIDINE,PF-00345157
LENTINAN,Lentinan
TOREMIFENE CITRATE,PF-00346580
PENBUTOLOL SULFATE,PF-00344735
REBOXETINE,PF-00603153
BITOLTEROL MESYLATE,NA
STEPRONIN,NA
OXYFEDRINE,NA
LEVOBUNOLOL HYDROCHLORIDE,NA
IOFLUPANE (I-123),NA
CYCLOSERINE,PF-01368727
METHYLSALICYLATE,NA
ASFOTASE ALFA,NA
DIETHYLENETRIAMINEPENTAACETIC ACID,NA
ISTRADEFYLLINE,NA
CAMPHOR,PF-06765546
ALFENTANIL HYDROCHLORIDE,NA
ANILERIDINE PHOSPHATE,NA
ANILERIDINE HYDROCHLORIDE,PF-00345340
"POLIO VACCINE, INACTIVATED",NA
CLOMETHIAZOLE,PF-01002033
BENZYDAMINE,PF-00346011
IOFETAMINE HYDROCHLORIDE I-123,NA
AZATADINE MALEATE,PF-00344855
TRIPROLIDINE HYDROCHLORIDE,PF-00344672
DEXPANTHENOL,PF-00345313
METHDILAZINE HYDROCHLORIDE,NA
PHENACEMIDE,PF-00345140
PENICILLIN G BENZATHINE,PF-00345307
GLUTETHIMIDE,PF-00345424
ESKETAMINE HYDROCHLORIDE,NA
FLUPIRTINE,PF-01455058
ISOETHARINE HYDROCHLORIDE,NA
HYDROXYDIONE SODIUM,NA
IOCARMATE MEGLUMINE,NA
BAMBUTEROL,PF-00346412
MEPHENTERMINE SULFATE,NA
CHLORCYCLIZINE HYDROCHLORIDE,NA
AMOBARBITAL SODIUM,NA
ISOETHARINE MESYLATE,NA
DOXAPRAM HYDROCHLORIDE,NA
ETHCHLORVYNOL,PF-05236347
AM PLUS IMPROVED CAPSULES,NA
TECHNETIUM TC-99M APCITIDE,NA
PIPRADROL HYDROCHLORIDE,NA
MOLSIDOMINE,PF-05761506
CHLORMEZANONE,PF-00344617
PROMAZINE HYDROCHLORIDE,PF-00344745
PROTIONAMIDE,PF-05610003
SPIRONOLACTONE,PF-00344589
MEPHENYTOIN,PF-00345055
METICRANE,PF-00345979
SILVER SULFADIAZINE,Silver Sulfadiazine
VESNARINONE,PF-01039625
NOVOBIOCIN SODIUM,NA
HALAZEPAM,PF-00345367
QUINIDINE GLUCONATE,NA
NOVOBIOCIN CALCIUM,NA
CYCLOPENTHIAZIDE,PF-02400177
PHENAZONE,PF-00345104
BEMETIZIDE,CP-225415
MEBUTIZIDE,NA
BUCILLAMINE,PF-06780610
PENFLUTIZIDE,NA
CALCIUM DOBESILATE,Calcium Dobesilate
PARAFLUTIZIDE,NA
MEPAZINE,PF-06615419
PYRAZINAMIDE,PF-00344743
HYDRALAZINE HYDROCHLORIDE,PF-00345047
ALTHIAZIDE,NA
PIRENZEPINE,PF-00345750
SULFOXONE SODIUM,NA
APRINDINE,PF-01016030
TECLOTHIAZIDE,NA
AUROTHIOGLYCANIDE,NA
STREPTOMYCIN SULFATE,NA
AJMALINE,Ajmaline
THIACETAZONE,Thiacetazone
BENZYLHYDROCHLOROTHIAZIDE,NA
CHLORPHENESIN CARBAMATE,NA
BUTIZIDE,PF-06653528
BACAMPICILLIN HYDROCHLORIDE,PF-00345191
EPITHIAZIDE,CP-002105
ETHOPROPAZINE HYDROCHLORIDE,PF-00345228
QUINIDINE SULFATE,NA
DROPERIDOL,PF-00344985
FLUPENTIXOL,PF-00345652
LUMATEPERONE TOSYLATE,NA
HALOPROGIN,PF-00344889
METHIONINE,PF-01513391
HYDROQUINONE,PF-00345050
BENZOPHENONE-3,NA
METHYL AMINOLEVULINATE HYDROCHLORIDE,NA
PLICAMYCIN,Plicamycin
CRILVASTATIN,NA
NADROPARIN,Nadroparin
ENILCONAZOLE,NA
GLENVASTATIN,NA
YTTRIUM (Y-90) CHLORIDE,NA
BENZBROMARONE,PF-00345795
POLATUZUMAB VEDOTIN,NA
FEDRATINIB HYDROCHLORIDE,NA
SODIUM SULFITE,NA
BERVASTATIN,NA
SITAFLOXACIN,NA
CEFORANIDE,PF-00345347
RUBITECAN,NA
"CHROMIC PHOSPHATE, P-32",NA
COLISTIN SULFATE,NA
TENIVASTATIN,NA
SPECTINOMYCIN HYDROCHLORIDE,NA
DOCOSANOL,PF-01474617
SODIUM FLUORIDE,PF-05696883
INTERLEUKIN-12,Interleukin-12
AMIKACIN SULFATE,NA
CEFALORIDINE,PF-05864291
BENZOPHENONE,NA
TUROCTOCOG ALFA PEGOL,NA
CEPHAPIRIN SODIUM,NA
ENOXIMONE,PF-01036133
ALUMINUM CHLORIDE HEXAHYDRATE,PF-01470414
DIBOTERMIN ALFA,NA
ALITRETINOIN,PF-01477806
PENTETATE CALCIUM TRISODIUM,Pentetate Calcium Trisodium
DESOXYCHOLIC ACID,NA
UREA,PF-01408159
TECHNETIUM TC-99M MEBROFENIN KIT,Technetium Tc-99m Mebrofenin Kit
DALVASTATIN,NA
MEVASTATIN,NA
PROPYL ALCOHOL,NA
IRON OXIDE (NANOPARTICLES),NA
NIMESULIDE,PF-00345744
GIVOSIRAN SODIUM,NA
ZANUBRUTINIB,NA
SALICYLIC ACID,PF-03492271
HAEMOPHILUS B CONJUGATE VACCINE,NA
DESOXYCORTICOSTERONE ACETATE,NA
KANAMYCIN SULFATE,NA
VIOMYCIN SULFATE,NA
MERCUROCHROME,Mercurochrome
BACITRACIN,EXT-0029767286
DIHYDROSTREPTOMYCIN SULFATE,NA
TROMETHAMINE,PF-00344838
SODIUM BICARBONATE,PF-03511249
CORTICOTROPIN-ZINC HYDROXIDE,NA
CARBENICILLIN DISODIUM,NA
BENRALIZUMAB,NA
DIMETHYL SULFOXIDE,PF-01387021
DEXTROSE,PF-07211889
URACIL MUSTARD,NA
HUMAN AUTOLOGOUS MATRIX-ASSOCIATED CHONDROCYTES SPHEROIDS,NA
TECHNETIUM TC-99M EXAMETAZIME KIT,Technetium Tc-99m Exametazime Kit
DISODIUM ETHYLENEDIAMINETETRAACETATE,NA
INOSINE PRANOBEX,NA
SELENIUM SULFIDE,PF-02812432
TESTOLACTONE,PF-00346546
TENIDAP,NA
DICUMAROL,PF-00344706
NICOUMALONE,NA
GLUCOCEREBROSIDASE,NA
"THALLOUS CHLORIDE, TL-201",NA
BETA-CAROTENE,NA
INDIGOTINDISULFONATE SODIUM,NA
POVIDONE-IODINE,Povidone-Iodine
PURIFIED WATER,PF-01386796
NORGESTREL,PF-00345069
DOMPERIDONE,PF-00345653
DARGLITAZONE,NA
ANHYDROTETRACYCLINE,NA
METHOCARBAMOL,PF-00345009
TUMOR NECROSIS FACTOR ALFA,NA
MECLIZINE HYDROCHLORIDE,PF-00344801
BREQUINAR,NA
ZINC SULFATE,Zinc Sulfate
NOFETUMOMAB,Nofetumomab
CEFAZEDONE,NA
TRIETHYLENE MELAMINE,NA
SAFFLOWER OIL,Safflower Oil
SELINEXOR,NA
TOBRAMYCIN SULFATE,NA
PIRITREXIM,NA
OLEANDOMYCIN PHOSPHATE,NA
DOXIFLURIDINE,PF-00930151
LOPINAVIR,PF-01369926
HETASTARCH,Pentastarch
GLUCAGON HYDROCHLORIDE RECOMBINANT,NA
PAZUFLOXACIN,PF-00579946
TRIMETHOPRIM,PF-00344596
TRIMETHOPRIM HYDROCHLORIDE,NA
DARVADSTROCEL,NA
HYDROXYSTILBAMIDINE ISETHIONATE,NA
ALUMINUM HYDROXIDE,PF-01461235
METHACHOLINE CHLORIDE,NA
DEMECLOCYCLINE HYDROCHLORIDE,PF-00344979
AMYL NITRITE,PF-01386868
BLACK WIDOW SPIDER ANTIVENIN,NA
ANTIVENIN (CROTALIDAE) POLYVALENT,NA
INFLUENZA VIRUS VACCINE (FLUCELVAX TETRA),NA
TECHNETIUM TC 99M MEDRONATE,NA
STANNOUS PYROPHOSPHATE (NON-RADIOACTIVE),NA
SODIUM HYALURONATE,NA
"INFLUENZA VIRUS VACCINE (SPLIT VIRION, INACTIVATED)",NA
PNEUMOCOCCAL 23-VALENT CONJUGATE VACCINE,NA
ISEPAMYCIN,NA
PHENAZOPYRIDINE HYDROCHLORIDE,PF-00344902
TECHNETIUM TC-99M SODIUM PERTECHNETATE GENERATOR,Technetium Tc-99m Sodium Pertechnetate Generator
CEPHALOTHIN SODIUM,NA
PROTAMINE SULFATE,PF-02623927
PHENETHICILLIN POTASSIUM,NA
INSULIN SUSP ISOPHANE PURIFIED PORK,NA
BOVINE SERUM ALBUMIN,NA
RUBELLA VIRUS VACCINE LIVE,NA
RECOMBINANT FUSION PROTEIN LINKING COAGULATION FACTOR IX WITH ALBUMIN (RIX-FP),NA
OXYBUPROCAINE,PF-00344854
PANCURONIUM BROMIDE,NA
INSULIN ZINC SUSP PROMPT PURIFIED PORK,NA
SISOMYCIN,NA
DIPHTHERIA ANTITOXIN,NA
ATRACURIUM BESYLATE,NA
MEASLES VIRUS VACCINE LIVE,NA
MEASLES AND RUBELLA VIRUS VACCINE LIVE,NA
TUBERCULIN PURIFIED PROTEIN DERIVATIVE,NA
"MEASLES, MUMPS AND RUBELLA VIRUS VACCINE LIVE",NA
BUCRICAINE,NA
INSULIN PORK,NA
CHYMOTRYPSIN,Chymotrypsin
RIBOFLAVIN,PF-01378250
INSULIN ZINC SUSP PURIFIED PORK,NA
PROPYPHENAZONE,PF-00579934
EDRECOLOMAB,NA
INSULIN PURIFIED PORK,NA
ORGOTEIN,Orgotein
ANTIVENIN (LATRODECTUS MACTANS),NA
CISATRACURIUM BESYLATE,EXT-0027150229
BOTULISM ANTITOXIN BIVALENT (EQUINE) TYPES A AND B,NA
PROPARACAINE HYDROCHLORIDE,NA
FOLIC ACID,PF-00345729
ISOSULFAN BLUE,Sulphan Blue
CHLOROPROCAINE PENICILLIN O,NA
DEFIBROTIDE,Defibrotide
GELOFUSINE,NA
PROPIOMAZINE HYDROCHLORIDE,NA
ANTIVENIN (MICRURUS FULVIUS),NA
MUMPS VIRUS VACCINE LIVE,NA
BENZOCAINE,PF-00344856
NEOMYCIN SULFATE,NA
AMINOHIPPURATE SODIUM,Aminohippurate Sodium
MUMPS AND RUBELLA VIRUS VACCINE LIVE,NA
EPOETIN BETA,Epoetin Beta
CYTOMEGALOVIRUS IMMUNE GLOBULIN,NA
TECHNETIUM TC-99M PENTETATE KIT,Technetium Tc-99m Pentetate Kit
GLUCAGON,PF-06414445
TETANUS IMMUNE GLOBULIN,NA
METOCURINE IODIDE,Metocurine Iodide
DOXACURIUM CHLORIDE,NA
INTERLEUKIN-3,NA
LEUCOVORIN CALCIUM,PF-00344995
TUBOCURARINE CHLORIDE,NA
ALCURONIUM,Alcuronium
GALLAMINE TRIETHIODIDE,NA
MORRHUATE SODIUM,PF-01402776
VECURONIUM BROMIDE,NA
FAZADINIUM,NA
TECHNETIUM TC-99M ALBUMIN MICROSPHERES KIT,NA
DECAMETHONIUM BROMIDE,NA
PHYTONADIONE,PF-00344819
PIPECURONIUM BROMIDE,NA
SODIUM TETRADECYL SULFATE,Sodium Tetradecyl Sulfate
DOBUTAMINE HYDROCHLORIDE,NA
TERBUTALINE SULFATE,PF-00344659
METIPRANOLOL HYDROCHLORIDE,NA
EPOETIN DELTA,Epoetin Delta
LEVALBUTEROL HYDROCHLORIDE,NA
DESERPIDINE,PF-01507060
RAUWOLFIA SERPENTINA,NA
HYDROGEN PEROXIDE,PF-01386855
GRISEOFULVIN REGULAR SIZE,NA
POLY-L-LACTIC ACID,NA
TEMOCAPRIL,PF-02451472
MORNIFLUMATE,Morniflumate
CILAZAPRIL,PF-00346422
ROMOSOZUMAB,NA
ZOFENOPRIL,Zofenopril
IMIDAPRIL,PF-06362418
TRYPAN BLUE,PF-01389655
CYCLIZINE HYDROCHLORIDE,NA
NORETHANDROLONE,PF-02454535
ETHYLESTRENOL,PF-00835111
ACETOSULFONE SODIUM,NA
"HUMAN COAGULATION FACTOR VIII (RECOMBINANT), PEGYLATED",NA
"ANTIHEMOPHILIC FACTOR (RECOMBINANT), SINGLE CHAIN",NA
CONTUSUGENE LADENOVEC,NA
NIMOTUZUMAB,NA
SOMATROPIN,Somatropin
DIBUTOLINE SULFATE,NA
HEXOCYCLIUM METHYLSULFATE,Hexocyclium Methylsulfate
THIOPROPAZATE DIHYDROCHLORIDE,NA
SULFAETHIDOLE,NA
SULFAGUANIDINE,NA
CHARACTERISED VIABLE AUTOLOGOUS CARTILAGE CELLS EXPANDED EX VIVO,NA
HYLAN G-F 20,Hylan G-F 20
ETAMIVAN,NA
EMYLCAMATE,NA
BROFAROMINE,NA
METHOXAMINE HYDROCHLORIDE,NA
METHOXYPHENAMINE HYDROCHLORIDE,NA
EPHEDRINE,PF-00344621
EPHEDRINE SULFATE,NA
CLEBOPRIDE,PF-00346057
NOREPINEPHRINE BITARTRATE,NA
CHOLECALCIFEROL,PF-04987349
INSULIN-LIKE GROWTH FACTOR,NA
FENSPIRIDE,PF-00345963
LUMISTEROL,NA
SULFUR,PF-05192731
DICHLORPHENAMIDE,PF-00344981
DESLANOSIDE,PF-00345217
SULFAPHENAZOLE,NA
GLUTAMIC ACID HYDROCHLORIDE,Glutamic Acid Hydrochloride
NAPHAZOLINE HYDROCHLORIDE,NA
PAREGORIC,Paregoric
TECHNETIUM TC-99M ALBUMIN AGGREGATED,NA
LOBELINE,PF-00346443
PIRIBEDIL,PF-01023382
CALFACTANT,Calfactant
OPIUM,Opium
POLOXALKOL,Poloxalkol
BISMUTH HYDROXIDE,NA
LEVOSULPIRIDE,PF-00346600
MASOPROCOL,PF-00930224
PSEUDOEPHEDRINE SULFATE,NA
GLYCERIN,NA
BUSERELIN ACETATE,NA
ARTEMETHER,PF-00579958
LULICONAZOLE,NA
LACTIC ACID,PF-04273520
AMMONIUM SULFATE,NA
CLOCORTOLONE PIVALATE,NA
CADEXOMER IODINE,NA
DICHLOROACETIC ACID,NA
DIPHENIDOL HYDROCHLORIDE,PF-00345500
MONOBENZONE,PF-00345301
FLURANDRENOLIDE,PF-00345278
BENZOYL PEROXIDE,PF-00345494
NITROFURAZONE,PF-00344901
SERTACONAZOLE NITRATE,NA
ACTIVATED CHARCOAL,NA
LIVER DERIVATIVE COMPLEX,NA
SULFANILAMIDE,PF-00344587
COCCIDIOIDES IMMITIS SPHERULE-DERIVED SKIN TEST ANTIGEN,NA
METRIZAMIDE,Metrizamide
INDORAMIN,PF-01024036
LIOTRIX (T3 AND T4),NA
EPINEPHRYL BORATE,NA
HYDROXYAMPHETAMINE HYDROBROMIDE,NA
LORCAINIDE,PF-01058466
CLOPAMIDE,CP-341841
VERNAKALANT HYDROCHLORIDE,NA
DETAJMIUM BITARTRATE,NA
MUZOLIMINE,NA
LORAJMINE,NA
AUTOLOGOUS CULTURED CHONDROCYTES,NA
AMINOREX,NA
1-13C-CAPRYLIC ACID,NA
DIETHYLAMINOHYDROXYPROPYLAJMALINE,NA
POTASSIUM PHOSPHATE,Potassium Phosphate
TRIPAMIDE,Tripamide
XIPAMIDE,PF-01017705
ACETYLDIGITOXIN,RS-248667
METARAMINOL BITARTRATE,NA
N-PROPYLAJMALINE,NA
LEVORPHANOL TARTRATE,PF-00345372
PRAJMALIUM BITARTRATE,NA
CALCIUM CARBONATE,PF-03511249
SULMAZOLE,NA
CARDIOPLEGIC SOLUTION,NA
HEXACHLOROPARAXYLENE,NA
PRENALTEROL,NA
OLPRINONE,PF-04440145
PIRETANIDE,PF-00346457
TERODILINE,PHA-00175476
ROLITETRACYCLINE,NA
IBOPAMINE,NA
BROPIRIMINE,NA
B-DOMAIN DELETED HUMAN COAGULATION FACTOR VIII FC FUSION PROTEIN,NA
"INTERFERON ALFA-2C, RECOMBINANT",NA
DIETHYLCARBAMAZINE CITRATE,PF-00344876
LYME DISEASE VACCINE,Lyme Disease Vaccine
DIPIVEFRIN HYDROCHLORIDE,NA
PENTETATE ZINC TRISODIUM,NA
BENZYL BENZOATE,PF-00345413
FLUCICLOVINE F-18,NA
DAROLUTAMIDE,NA
CAMPTOTHECIN,PF-00345988
NOSCAPINE,PF-00344639
MEPHENESIN,NA
PROGABIDE,NA
CYCRIMINE HYDROCHLORIDE,NA
MELARSOPROL,CL-143582
BROMODIPHENHYDRAMINE HYDROCHLORIDE,PF-00345166
ZOTEPINE,PF-01117411
AZAPETINE,PF-01005373
PIPENZOLATE BROMIDE,NA
MOXONIDINE,PF-00346641
IOBENGUANE SULFATE I-123,NA
BISACODYL TANNEX,NA
TETRAHYDROZOLINE HYDROCHLORIDE,NA
ERYTHRITYL TETRANITRATE,CL-19651
MURAMYL TRIPEPTIDE,NA
BETAZOLE HYDROCHLORIDE,NA
PAPAIN,Papain
INTERLEUKIN-10,NA
CYCLOMETHYCAINE HYDROCHLORIDE,NA
TIOCONAZOLE,PF-00344834
RHO (D) IMMUNE GLOBULIN,NA
TECHNETIUM TC 99M TEBOROXIME KIT,NA
THYROGLOBULIN,Thyroglobulin
FLUOCORTIN BUTYL,NA
XIMELAGATRAN,PF-06438823
METHYL HEXANE AMINE,NA
OX BILE EXTRACT,Ox Bile Extract
CLODRONATE,NA
EMORFAZONE,NA
VITAMIN D,PF-04987349
CARBIDOPA,PF-00345111
LIQUORICE,PF-00345485
MEPREDNISONE,PF-00344806
"AMMONIA, N-13",NA
NATAMYCIN,Natamycin
FINAFLOXACIN,NA
CASOPITANT MESILATE,NA
ALPRENOLOL,PF-00345591
"GALLIUM CITRATE, GA-67",NA
CYCLACILLIN,PF-00344701
TRIACETIN,PF-00344917
TETRAPLATIN,NA
QUINIDINE HYDROCHLORIDE,NA
NEDAPLATIN,PF-01002605
MERALLURIDE,NA
TOLNAFTATE,PF-00344753
GUAIFENESIN,PF-00344789
ACETYLCHOLINE CHLORIDE,RS-064174
CEFTIOFUR,NA
THOROTRAST,NA
ETHYL CHLORIDE,PF-03971225
FERROUS FUMARATE,PF-06356846
EUSOLEX 6300,NA
POLYVINYLPYRROLIDONE,NA
BUTYL AMINOBENZOATE,PF-00344858
PHENOLPHTHALEIN,PF-00345440
"SELENOMETHIONINE, SE-75",NA
MAGNESIUM CHLORIDE,PF-01386924
MAGNESIUM SULFATE,Magnesium Sulfate
MACROPHAGE COLONY-STIMULATING FACTOR,NA
HISTOPLASMIN,NA
INSULIN ZINC SUSP RECOMBINANT HUMAN,NA
INTERLEUKIN,Interleukin
CASTOR OIL,MCP-29533
SODIUM MONOFLUOROPHOSPHATE,NA
"FLUDEOXYGLUCOSE, F-18",NA
ARSENOBENZOL,NA
IOCETAMIC ACID,PF-00344993
DISODIUM CLODRONATE,NA
ARACHIS OIL,NA
OCTYL METHOXYCINNAMATE,PF-00345530
ENOXOLONE,PF-01383334
PROTEIN HYDROLYSATE,Protein Hydrolysate
CEFSULODIN,PF-00930105
ARTEMISININ,PF-00579912
TOLONIUM CHLORIDE,NA
SULFISOXAZOLE DIOLAMINE,NA
TRIMETHOBENZAMIDE HYDROCHLORIDE,PF-00345159
SODIUM PROPIONATE,NA
DIFTALONE,NA
PHTHALYLSULFATHIAZOLE,NA
HOMOSALATE,NA
CALCIUM GLUCEPTATE,Calcium Gluceptate
HEPARIN CALCIUM,NA
CARBENOXOLONE,PF-02892669
INSULIN ZINC SUSP EXTENDED RECOMBINANT HUMAN,NA
ARCITUMOMAB,Arcitumomab
AVOBENZONE,PF-06264003
ISOETARINE,PF-00344796
CAPROMAB PENDETIDE,NA
PHENOPERIDINE,Phenoperidine
FLUROXENE,NA
HEPTABARBITAL,PF-01036494
GLAUCINE,NA
"INSULIN, (HUMAN, SEMI-SYNTHETIC, BUFFERED)",NA
INSULIN SUSP ISOPHANE RECOMBINANT HUMAN,NA
DIMETHISOQUIN HYDROCHLORIDE,NA
PROFENIL CITRATE,NA
PENTAERYTHRITOL TETRANITRATE,NA
NYLIDRIN HYDROCHLORIDE,NA
SARALASIN ACETATE,NA
CYCLOPENTAMINE HYDROCHLORIDE,NA
DROXIDOPA,PF-06786780
VONICOG ALFA,NA
TUAMINOHEPTANE,NA
EPINEPHRINE BITARTRATE,NA
XYLOMETAZOLINE,PF-00344759
PICOLAX,NA
SODIUM ACETATE,PF-01386832
AZACYCLONOL HYDROCHLORIDE,NA
CLOXIMATE,NA
HUMAN PROTEIN C,NA
SULFAPYRIDINE,PF-00344748
LEVOLEUCOVORIN,PF-06295967
IOPHENDYLATE,NA
ARGININE GLUTAMATE,NA
SODIUM SUCCINATE,NA
CADMIUM SULFIDE,NA
OBSOLETE LIQUID PARAFFIN,NA
OXYPHENISATIN,PF-01021634
PICOPLATIN,NA
PROTOVERATRINE A,NA
MEPYRAMINE,NA
VERATRUM VIRIDE,NA
ZIPEPROL,PF-06474301
INSULIN SUSP ISOPHANE BEEF,NA
TECHNETIUM TC-99M ALBUMIN AGGREGATED KIT,Technetium Tc-99m Albumin Aggregated Kit
INDIUM IN-111 PENTETATE DISODIUM,NA
PENTETATE CALCIUM TRISODIUM YB-169,Pentetate Calcium Trisodium Yb-169
ISOPROTERENOL SULFATE,NA
CROCONAZOLE,NA
NIMORAZOLE,PF-01430667
ISOCONAZOLE,PF-02400193
BIFONAZOLE,PF-00346417
MEDRYSONE,PF-00344896
OXIDIZED CELLULOSE,Oxidized Cellulose
LANOCONAZOLE,Lanoconazole
ARSTHINOL,NA
ORNIDAZOLE,PF-00345828
CLODANTOIN,NA
FEPRADINOL,NA
CHROMIC CHLORIDE,PF-05592147
CASEIN HYDROLYSATE,NA
IODIPAMIDE SODIUM,NA
TONAZOCINE,NA
LAMIFIBAN,NA
PANTOTHENIC ACID,PF-01363419
PROLINTANE,CP-059629
PIVAMPICILLIN,PF-02433995
CEFTERAM PIVOXIL,NA
ANECORTAVE ACETATE,NA
FLUOROMETHOLONE ACETATE,NA
BRILLIANT BLUE G,NA
MEPARFYNOL,NA
COLLAGENASE,Collagenase
ETHYL BISCOUMACETATE,Ethyl Biscoumacetate
MELAGATRAN,PF-03409950
PHENPROCOUMON,Phenprocoumon
VON WILLEBRAND FACTOR RECOMBINANT,NA
"SODIUM IODIDE, I-123",NA
ETHOTOIN,PF-00344992
DIPYRIDAMOLE-201THALLIUM,NA
PENICILLINASE,NA
KETOBEMIDONE,PF-01458103
MERCAPTOMERIN,NA
NICOTINYL ALCOHOL,PF-01002617
CHOLINE,PF-01003602
FLUORIDE VITAMINS,NA
MANNITOL HEXANITRATE,NA
"WATER FOR IRRIGATION, STERILE",NA
SURICLONE,PNU-0080879
PSEUDOEPHEDRINE POLISTIREX,NA
PODOPHYLLIN,Podophyllin
RUTIN,NA
IODOFORM,NA
METHYLATROPINE NITRATE,NA
TALIPEXOLE,PF-01453929
IMCIROMAB PENTETATE,NA
EMEPRONIUM,NA
PICENADOL,NA
DIRECT SKY BLUE,NA
BUCLIZINE HYDROCHLORIDE,PF-00579926
BENZETHONIUM CHLORIDE,NA
IDOXURIDINE,PF-00344721
SULFASUXIDINE,PF-01003069
EUCATROPINE,NA
COCAMIDOPROPYL BETAINE,NA
NONOXYNOL-9,NA
OSMIC ACID,NA
CALCIUM POLYSTYRENE SULFONATE,Calcium Polystyrene Sulfonate
TRIMETHIDINIUM METHOSULFATE,NA
PENTOLINIUM TARTRATE,NA
PENTHIENATE BROMIDE,NA
BETAHISTINE,PF-00345704
CLINAFLOXACIN,NA
POTASSIUM POLYSTYRENE SULFONATE,NA
FLUINDIONE,PF-01800409
PIPERACETAZINE,PF-00344911
CARBETAPENTANE CITRATE,PF-00345597
PIMINODINE ETHANESULFONATE,NA
OXOLAMINE,PF-01372401
BETHANIDINE SULFATE,PF-00346418
HYDROXYPROPYL METHYLCELLULOSE,Hydroxypropyl Methylcellulose
STYRAMATE,NA
NIKETHAMIDE,PF-00346516
AFAMELANOTIDE ACETATE,NA
THYROID,Thyroid
FLOSULIDE,NA
THIPHENAMIL HYDROCHLORIDE,NA
INSULIN ZINC SUSP PURIFIED BEEF/PORK,NA
CETACAINE,NA
ALPHAPRODINE,PF-06561889
GOLD AU 198,NA
EVANS BLUE,Evans Blue
CALCITONIN HUMAN,NA
BUTALBITAL,PF-00346545
TAZOBACTAM,PF-00346620
CHLOPHEDIANOL HYDROCHLORIDE,PF-00345496
SULFAMETER,PF-00345544
ECTYLUREA,NA
ISOMETHEPTENE,CL-143633
NALORPHINE HYDROCHLORIDE,NA
CHLORBETAMIDE,NA
PHENYLTOLOXAMINE DIHYDROGEN CITRATE,NA
PHENYLMERCURIC ACETATE,NA
VINBARBITAL,NA
ETHOHEPTAZINE,NA
BENTOQUATAM,NA
CYANIDE ANTIDOTE,NA
DIPHEMANIL METHYLSULFATE,Diphemanil Methylsulfate
FERROCHOLINATE,NA
TALBUTAL,PF-05239798
TRICLOFOS SODIUM,PF-01418866
DILOXANIDE,PF-01400578
PROCAINE ISOBUTYRATE,NA
PROPIOLACTONE,NA
ETAMSYLATE,Etamsylate
"SODIUM CHROMATE, CR-51",NA
PHENYLEPHRINE SULFATHIAZOLATE,NA
BENZOPHENONE-4,NA
SODIUM HYPOCHLORITE,Sodium Hypochlorite
BEMEGRIDE,PF-01696418
RUBIDIUM CHLORIDE RB-82,EXT-0029767438
ARTELINATE,NA
PRAMOXINE HYDROCHLORIDE,NA
CHLORANIL,NA
ISOMETHEPTENE HYDROCHLORIDE,NA
PROTOKYLOL HYDROCHLORIDE,NA
"LEVOPROPOXYPHENE NAPSYLATE, ANHYDROUS",NA
COAL TAR,Coal Tar
CYCLOMETHYCAINE,NA
TECHNETIUM TC-99M OXIDRONATE KIT,Technetium Tc-99m Oxidronate Kit
THYROTROPIN,Thyrotropin
TRIFLUOROMETHANE,NA
ETHOXZOLAMIDE,PF-00344709
GESTONORONE CAPROATE,NA
AMINOBENZOATE POTASSIUM,NA
LUCANTHONE HYDROCHLORIDE,NA
CANDICIDIN,Candicidin
EPIMESTROL,Epimestrol
ALMITRINE,PF-01961660
SOMATOSTATIN,PF-01367091
MEPHENESIN CARBAMATE,NA
TETRYZOLINE,PF-00345153
MIZORIBINE,PF-00345821
SUTILAINS,Sutilains
FLUONILIDE,NA
PYRROLNITRIN,NA
HACHIMYCIN,NA
NIFURATEL,NA
WITISOL,NA
CETRIMIDE,Cetrimide
TOLCICLATE,NA
CHLOROXINE,PF-00345497
CHLORAMPHENICOL PALMITATE,NA
PECILOCIN,NA
TRIETHANOLAMINE POLYPEPTIDE OLEATE CONDENSATE,NA
DICAPRYLYL MALEATE,NA
COCAMIDOPROPYL HYDROXYSULTAINE,NA
EUSOLEX 8021,NA
SALIFUNGIN,NA
PIPERAQUINE,NA
GALLOGEN,NA
CYTELLIN,NA
ENPROFYLLINE,NA
HOPANTENIC ACID,NA
AMISOMETRADINE,NA
BATANOPRIDE,NA
TECHNETIUM TC-99M ETIDRONATE KIT,Technetium Tc-99m Etidronate Kit
CEPHALOGLYCIN,PF-02904255
ALIZAPRIDE,PF-00579964
CYCLAZOCINE,NA
KETANSERIN,PF-00345667
DIHYDROXYALUMINUM AMINOACETATE,NA
ECHOVIST,NA
AMOCARZINE,NA
LESOPITRON,NA
LUMEFANTRINE,PF-06369820
PHENYLTOLOXAMINE,PF-00345987
OXACEPROL,NA
PRISTINAMYCIN,Pristinamycin
EFEGATRAN,NA
INOGATRAN,NA
NAPSAGATRAN,NA
TELENZEPINE,NA
NATURAL GLYCERIDES,NA
SONO VUE,NA
ACETRIZOATE SODIUM,NA
CAPTODIAME HYDROCHLORIDE,NA
LEVOVIST,PF-07211889
PERFLENAPENT EMULSION,NA
ETHINAMATE,PF-01441744
CROTETAMIDE,NA
ZUCLOPENTHIXOL ACETATE,NA
VITAMIN K,PF-00344819
MEGESTROL,PF-05594560
PIKETOPROFEN,NA
FENQUIZONE,NA
CLOREXOLONE,NA
ARTEMISINIC ACID,NA
GESTODENE,PF-04087774
DIAMTHAZOLE DIHYDROCHLORIDE,NA
SULFISOXAZOLE ACETYL,NA
CHOLINE SALICYLATE,PF-03492271
SULESOMAB,NA
CEFOTIAM HYDROCHLORIDE,NA
SIBRAFIBAN,Sibrafiban
ICLAPRIM,NA
HYDROCORTAMATE HYDROCHLORIDE,NA
TRIBENOSIDE,PNU-0032811
CLOFEDANOL,PF-00345496
LEFETAMINE,NA
TECHNETIUM TC-99M RED BLOOD CELL KIT,Technetium Tc-99m Red Blood Cell Kit
CIGLITAZONE,NA
TESTOSTERONE PHENYLACETATE,NA
ENGLITAZONE,NA
GA 68 DOTATOC,NA
CHOLINE ALFOSCERATE,NA
DESOXYCORTICOSTERONE PIVALATE,NA
"UREA, C-14",NA
NANDROLONE PHENPROPIONATE,NA
EXATECAN,NA
AMTOLMETIN,NA
DIHYDROXYALUMINUM SODIUM CARBONATE,NA
IX 207-887,NA
BISMUTH SODIUM TRIGLYCOLLAMATE,NA
FLUPROQUAZONE,NA
MAGNESIUM CITRATE,Magnesium Citrate
ISOXEPAC,NA
CHLOROTHEN CITRATE,NA
HEXETIDINE,PF-05192110
CLAVULANIC ACID,PF-00345259
SULBACTAM,PF-00345450
DIMETHYL TUBOCURARINE CHLORIDE,NA
ROXIFIBAN,NA
TECHNETIUM TC-99M SULFUR COLLOID,NA
QUINFAMIDE,PF-06652682
MOXISYLYTE,PF-00345975
NORETHINDRONE ACETATE,PF-00346454
TRITIOZINE,NA
ALPIDEM,PF-01545178
SAPERCONAZOLE,NA
RAMORELIX,NA
TEVERELIX,NA
PRAZARELIX,NA
STRONTIUM LACTATE TRIHYDRATE,NA
AMIPHENAZOLE,NA
PIRIDOXILATE,NA
APOLIZUMAB,NA
PRENATAL FORMULA,NA
ENLIMOMAB,NA
VISILIZUMAB,NA
TECHNETIUM TC-99M PYRO/TRIMETA PHOSPHATES KIT,NA
INOLIMOMAB,NA
ARBEKACIN,PF-02433981
AFELIMOMAB,NA
POISON IVY EXTRACT,Poison Ivy Extract
EPRATUZUMAB,NA
ODULIMOMAB,NA
HEXAFLUORENIUM BROMIDE,NA
PLASMA PROTEIN FRACTION,Plasma Protein Fraction
CHLORAMINE,NA
SULFACETAMIDE,PF-00344828
TRYPSIN,Trypsin
FLUORODOPA F-18,NA
GALLIUM GA 68 DOTATATE,NA
CHOLINE C-11,NA
TECHNETIUM TC-99M ALBUMIN KIT,Technetium Tc-99m Albumin Kit
SULFAMAZONE,NA
ZUCLOPENTHIXOL,PF-01690244
BACITRACIN ZINC,Bacitracin Zinc
ANTHRALIN,PF-00344850
INDIUM DIETHYLENETRIAMINOPENTAACETIC ACID,NA
NESTORONE,NA
PINAVERIUM,UK-101814
RIMAZOLIUM,NA
OXANAMIDE,NA
TIAPRIDE,PF-00345619
ETHISTERONE,PF-00346431
ALCOHOL MIXTURE,NA
ANTAZOLINE PHOSPHATE,NA
"POLIO VACCINE, ORAL LIVE",NA
ISOAMYL-P-METHOXYCINNAMATE,NA
"ROSE BENGAL SODIUM, I-131",NA
MYCANODIN,NA
FENTICLOR,NA
DIMETHOXYDIBENZOYLMETHANE,NA
CINOXATE,NA
SULBENTINE,NA
BENZOPHENONE-10,NA
PHENYLBENZIMIDAZOLE SULFONIC ACID,NA
ARBENICILLIN,NA
FLUMETHASONE PIVALATE,NA
DIMETHOXANATE HYDROCHLORIDE,NA
LEVALLORPHAN TARTRATE,NA
EPRAZINONE,UK-118897
EPROZINOL,NA
RITANSERIN,NA
REPIRINAST,Repirinast
PYRROBUTAMINE PHOSPHATE,NA
ISOTHIPENDYL HYDROCHLORIDE,NA
OXYMESTERONE,NA
SULFONAPHTINE,NA
XANTHINOL NICOTINATE,NA
CHLORPROETHAZINE,NA
VINCAMINE,NA
TROXERUTIN,PF-06786666
